Workbook
Name __DAT1: #REF!
Name __DAT10: #REF!
Name __DAT11: #REF!
Name __DAT12: #REF!
Name __DAT13: #REF!
Name __DAT14: #REF!
Name __DAT15: #REF!
Name __DAT16: #REF!
Name __DAT17: #REF!
Name __DAT18: #REF!
Name __DAT19: #REF!
Name __DAT2: #REF!
Name __DAT20: #REF!
Name __DAT21: #REF!
Name __DAT22: #REF!
Name __DAT23: #REF!
Name __DAT24: #REF!
Name __DAT25: #REF!
Name __DAT26: #REF!
Name __DAT3: #REF!
Name __DAT4: #REF!
Name __DAT5: #REF!
Name __DAT6: #REF!
Name __DAT7: #REF!
Name __DAT8: #REF!
Name __DAT9: #REF!
Name _1007.5: 'Factor Table 2'!$D$93:$G$93
Name _10175: 'Factor Table 2'!$D$111:$G$111
Name _10350: 'Factor Table 2'!$D$112:$G$112
Name _1126.2: 'Factor Table 2'!$D$64:$G$64
Name _1222.9: 'Factor Table 2'!$D$65:$G$65
Name _1258.5: 'Factor Table 2'!$D$90:$G$90
Name _13077: 'Factor Table 2'!$D$106:$G$106
Name _1337.5: 'Factor Table 2'!$D$89:$G$89
Name _1360: 'Factor Table 2'!$D$97:$G$97
Name _1362.5: 'Factor Table 2'!$D$78:$G$78
Name _1415: 'Factor Table 2'!$D$69:$G$69
Name _1419.2: 'Factor Table 2'!$D$91:$G$91
Name _1427.5: 'Factor Table 2'!$D$77:$G$77
Name _1437.2: 'Factor Table 2'!$D$81:$G$81
Name _1442.2: 'Factor Table 2'!$D$80:$G$80
Name _1502.9: 'Factor Table 2'!$D$84:$G$84
Name _1525.5: 'Factor Table 2'!$D$76:$G$76
Name _1602.2: 'Factor Table 2'!$D$85:$G$85
Name _1617.5: 'Factor Table 2'!$D$83:$G$83
Name _1625.6: 'Factor Table 2'!$D$86:$G$86
Name _1635.5: 'Factor Table 2'!$D$95:$G$95
Name _1673: 'Factor Table 2'!$D$73:$G$73
Name _1725: 'Factor Table 2'!$D$82:$G$82
Name _1770: 'Factor Table 2'!$D$74:$G$74
Name _1774: 'Factor Table 2'!$D$88:$G$88
Name _1954.8: 'Factor Table 2'!$D$94:$G$94
Name _1990: 'Factor Table 2'!$D$87:$G$87
Name _2084: 'Factor Table 2'!$D$68:$G$68
Name _2086: 'Factor Table 2'!$D$101:$G$101
Name _2170: 'Factor Table 2'!$D$98:$G$98
Name _2285: 'Factor Table 2'!$D$75:$G$75
Name _2326: 'Factor Table 2'!$D$67:$G$67
Name _2403: 'Factor Table 2'!$D$96:$G$96
Name _2491: 'Factor Table 2'!$D$102:$G$102

Sheet 組織邊界
B1: 組織邊界表
B2: 序號 | C2: 區域 | D2: 廠區名稱 | E2: 廠區地址 | F2: 邊界內排除 | G2: 主要承辦單位 | H2: 管理代表 | I2: 執行秘書 (主要窗口) | J2: 主史電話 | K2: 聯絡人電子郵件信箱
B3: 1 | C3: 台灣 | D3: 桃園廠 | E3: 333613 台灣桃園市龜山工業區興邦路31-1號 | G3: 廠務 | H3: 林明和 | I3: 林新欽 李志祥 | J3: 03-3626301#5901 03-3626301#5902 | K3: david.sh.lin@deltaww.com JEFF.LI@deltaww.com
B4: 2 | C4: 台灣 | D4: 桃園二廠 | E4: 333425 台灣桃園市龜山區山鶯路252號 | F4: 與晶睿通訊股份有限公司共用之設施 | G4: 廠務 | H4: 周哲禎 | I4: 許銘傑 | J4: 03-3191098#8382 | K4: jerry.hsu@deltaww.com
B5: 3 | C5: 台灣 | D5: 桃園五廠 | E5: 333425 台灣桃園市龜山區山鶯路268號 | F5: 5F與晶睿通訊股份有限公司共用之設施 | G5: 廠務 | H5: 葉雲軒 | I5: 許銘傑 | J5: 03-3191098#8382 | K5: jerry.hsu@deltaww.com
B6: 4 | C6: 台灣 | D6: 桃三廠 | E6: 330477 桃園市桃園區興隆路18號 | G6: 廠務 | H6: 劉佳容 | I6: 石政忠 | J6: 03-3626301#5905 | K6: jaffrey.shih@deltaww.com
B7: 5 | C7: 台灣 | D7: 中壢一廠 | E7: 320023 桃園市中壢區東園路3號 | G7: 廠務 | H7: 鍾治滿 | I7: 朱正宇 | J7: 03-4526107#5917 | K7: DEVEN.CHU@deltaww.com
B8: 6 | C8: 台灣 | D8: 中壢RD廠 | E8: 320023 中壢區東園路5號 | H8: 鍾治滿 | I8: 朱正宇 | J8: 03-4526107#5917 | K8: DEVEN.CHU@deltaww.com
B9: 7 | C9: 台灣 | D9: 中壢五廠 | E9: 320023 桃園市中壢區東園路16號 | G9: 廠務 | H9: 鍾治滿 | I9: 朱正宇 | J9: 03-4526107#5917 | K9: deven.chu@deltaww.com
B10: 8 | C10: 台灣 | D10: 平鎮廠 | E10: 324020 台灣桃園市平鎮區中興路458號 | F10: DC棟為華信光電所承租(含行政大樓部分樓層辦公室)、聚積科技(行政大樓二樓、四樓部份區域) | G10: 廠務 | H10: 鍾光文 | I10: 黃偉昌 李建廷 | J10: 03-46994861#3018 03-46994861#3012 | K10: WEICHANG.HUANG@deltaww.com CC.LI@deltaww.com
B11: 9 | C11: 台灣 | D11: 台南分公司第一廠 | E11: 741014 台灣台南市善化區環東路二段39號 | G11: 廠務 | H11: 蔡文蔭 | I11: 楊健廷 | J11: 06-5056565#5903 | K11: CTING.YANG@deltaww.com
B12: 10 | C12: 台灣 | D12: 台南二廠 | E12: 741014 台灣台南市善化區環東路二段30號 | G12: 廠務 | I12: 方豪生 | K12: MARVIN.HS.FANG@deltaww.com
B13: 11 | C13: 台灣 | D13: 瑞光大樓 | E13: 114501 台北市內湖區瑞光路186號 | G13: 廠務 | I13: 賴科仁 | J13: 02-87972088#5911 | K13: KOJEN.LAI@deltaww.com
B14: 12 | C14: 台灣 | D14: 陽光大樓 | E14: 114067 台北市內湖區陽光街256號 | G14: 廠務 | I14: 趙冠瑜 | J14: 02-87972088#5916 | K14: GUANYU.ZHAO@deltaww.com
B15: 13 | C15: 台灣 | D15: 台中廠 | E15: 407751 台中市西屯區科園一路8號 | G15: 廠務 | I15: 江國生 | K15: JOHNSON.KS.CHIANG@deltaww.com
B16: 14 | C16: 台灣 | D16: 錦鋐廠(新增) | E16: 337桃園市大園區高鐵站前西路三段66號 | G16: 廠務 | I16: 朱正宇 | J16: 03-4526107#5917 | K16: DEVEN.CHU@deltaww.com
B17: 15 | C17: 台灣 | D17: 楊梅廠(新增) | E17: 桃園市楊梅區高獅路158號 | G17: 廠務 | H17: 鍾光文 | I17: 黃偉昌 李建廷 | J17: 03-46994861#3018 03-46994861#3012 | K17: WEICHANG.HUANG@deltaww.com CC.LI@deltaww.com
B18: 16 | C18: 台灣
B19: 17
B20: 18
B21: 19
B22: 20
B23: 21
B24: 22
B25: 23
B26: 24
B27: 25
B28: 26
B29: 27
B30: 28
... B109: 107
B110: 108 | G110: ??

Sheet 盤查表單
B2: 報告邊界 | I2: 總碳排放量 | J2: =ROUND(D3+D55,3) -> 1758.644 | K2: tonCO2e
B3: 直接溫室氣體排放 | D3: =SUM(AR6:AR53) -> 192.1789 | F3: 噸CO2e | G3: 類型 | H3: 類別 | I3: 鑑別 (有/無) | J3: 設備 | K3: 排放源 | L3: 活動數據 | M3: 活動數據單位 | N3: 活動數據佐證 | O3: 可能產生之溫室氣體種類 | V3: 排放係數 | AC3: 排放係數來源 | AD3: GWP | AK3: 溫室氣體排放量 | AR3: 合計 t-CO2e | AS3: 類別1、2佔比 | AT3: 總碳排放量佔比
O4: CO2 | P4: CH4 | Q4: N2O | R4: HFCs | S4: PFCs | T4: SF6 | U4: NF3 | V4: CO2 | W4: CH4 | X4: N2O | Y4: HFCs | Z4: PFCs | AA4: SF6 | AB4: NF3 | AD4: CO2 | AE4: CH4 | AF4: N2O | AG4: HFCs | AH4: PFCs | AI4: SF6 | AJ4: NF3 | AK4: CO2 | AL4: CH4 | AM4: N2O | AN4: HFCs | AO4: PFCs | AP4: SF6 | AQ4: NF3
B5: 類別 1: | C5: 直接溫室氣體排放和移除(1)
B6: 1.1 | C6: 固定燃燒直接排放 | G6: =IF(K6<>"","固定燃燒","") -> 固定燃燒 | H6: =IF(K6<>"",1,"") -> 1 | I6: =IF(COUNTA(K6:K15)>0,"有","無") -> 有 | J6: 餐飲服務作業程序 | K6: 天然氣 | L6: 12.917 | M6: 千立方公尺 | N6: 天然氣收費單 | O6: =IF(V6>0.0000000001,"V","") -> V | P6: =IF(W6>0.0000000001,"V","") -> V | Q6: =IF(X6>0.0000000001,"V","") -> V | R6: =IF(Y6>0.0000000001,"V","") | S6: =IF(Z6>0.0000000001,"V","") | T6: =IF(AA6>0.0000000001,"V","") | U6: =IF(AB6>0.0000000001,"V","") | V6: =IFERROR(ROUND(VLOOKUP($K6,'Factor Table 1'!$D$3:$AD$60,11,FALSE),10),0) -> 1.8790358 | W6: =IFERROR(ROUND(VLOOKUP($K6,'Factor Table 1'!$D$3:$AD$60,13,FALSE),10),0) -> 3.34944e-05 | X6: =IFERROR(ROUND(VLOOKUP($K6,'Factor Table 1'!$D$3:$AD$60,15,FALSE),10),0) -> 3.3494e-06 | Y6: =IFERROR(IF(OR(K6="CO2",K6="CH4",K6="N2O"),ROUND(VLOOKUP($K6,'Factor Table 1'!$D$3:$AD$69,17,FALSE),10),IFERROR(ROUND(VLOOKUP(J6,'Factor Table 1'!$C$3:$AD$69,18,FALSE),10),ROUND(VLOOKUP(K6,'Factor Table 1'!$D$3:$AD$69,17,FALSE),10))),0) -> 0 | Z6: 0 | AA6: =IFERROR(IF(K6="SF6",1,0),0) -> 0 | AB6: =IFERROR(IF(K6="NF3",1,0),0) -> 0 | AC6: =IFERROR(IF(OR(K6="CO2",K6="CH4",K6="N2O"),VLOOKUP($K6,'Factor Table 1'!$D$3:$AD$69,19,FALSE),IFERROR(VLOOKUP(J6,'Factor Table 1'!$C$3:$AD$69,20,FALSE),VLOOKUP(K6,'Factor Table 1'!$D$3:$AD$69,19,FALSE))),"") -> 環境部排放係管理表6.0.4 | AD6: =IF(H6=1,1,0) -> 1 | AE6: =IF(H6=1,IF(盤查結果!$F$6="IPCC第二次評估報告（1995）",'Factor Table 1'!$L$75,IF(盤查結果!$F$6="IPCC第三次評估報告(2001)",'Factor Table 1'!$M$75,IF(盤查結果!$F$6="IPCC第四次評估報告(2007)",'Factor Table 1'!$N$75,IF(盤查結果!$F$6="IPCC第五次評估報告(2013)",'Factor Table 1'!$O$75,IF(盤查結果!$F$6="IPCC第六次評估報告(2021)",'Factor Table 1'!$P$75,0))))),0) -> 27 | AF6: =IF(H6=1,IF(盤查結果!$F$6="IPCC第二次評估報告（1995）",'Factor Table 1'!$L$76,IF(盤查結果!$F$6="IPCC第三次評估報告(2001)",'Factor Table 1'!$M$76,IF(盤查結果!$F$6="IPCC第四次評估報告(2007)",'Factor Table 1'!$N$76,IF(盤查結果!$F$6="IPCC第五次評估報告(2013)",'Factor Table 1'!$O$76,IF(盤查結果!$F$6="IPCC第六次評估報告(2021)",'Factor Table 1'!$P$76,0))))),0) -> 273 | AG6: =IFERROR(IF(H6=1,IF(盤查結果!$F$6="IPCC第二次評估報告（1995）",VLOOKUP(K6,'Factor Table 1'!$D$75:$P$169,9,FALSE),IF(盤查結果!$F$6="IPCC第三次評估報告(2001)",VLOOKUP(K6,'Factor Table 1'!$D$75:$P$169,10,FALSE),IF(盤查結果!$F$6="IPCC第四次評估報告(2007)",VLOOKUP(K6,'Factor Table 1'!$D$75:$P$169,11,FALSE),IF(盤查結果!$F$6="IPCC第五次評估報告(2013)",VLOOKUP(K6,'Factor Table 1'!$D$75:$P$169,12,FALSE),IF(盤查結果!$F$6="IPCC第六次評估報告(2021)",VLOOKUP(K6,'Factor Table 1'!$D$75:$P$169,13,FALSE),0))))),0),0) -> 0 | AH6: 0 | AI6: =IFERROR(IF(H6=1,IF(盤查結果!$F$6="IPCC第二次評估報告（1995）",VLOOKUP(K6,'Factor Table 1'!$D$172:$P$172,9,FALSE),IF(盤查結果!$F$6="IPCC第三次評估報告(2001)",VLOOKUP(K6,'Factor Table 1'!$D$172:$P$172,10,FALSE),IF(盤查結果!$F$6="IPCC第四次評估報告(2007)",VLOOKUP(K6,'Factor Table 1'!$D$172:$P$172,11,FALSE),IF(盤查結果!$F$6="IPCC第五次評估報告(2013)",VLOOKUP(K6,'Factor Table 1'!$D$172:$P$172,12,FALSE),IF(盤查結果!$F$6="IPCC第六次評估報告(2021)",VLOOKUP(K6,'Factor Table 1'!$D$172:$P$172,13,FALSE),0))))),0),0) -> 0 | AJ6: =IFERROR(IF(H6=1,IF(盤查結果!$F$6="IPCC第二次評估報告（1995）",VLOOKUP(K6,'Factor Table 1'!$D$171:$P$171,9,FALSE),IF(盤查結果!$F$6="IPCC第三次評估報告(2001)",VLOOKUP(K6,'Factor Table 1'!$D$171:$P$171,10,FALSE),IF(盤查結果!$F$6="IPCC第四次評估報告(2007)",VLOOKUP(K6,'Factor Table 1'!$D$171:$P$172,11,FALSE),IF(盤查結果!$F$6="IPCC第五次評估報告(2013)",VLOOKUP(K6,'Factor Table 1'!$D$171:$P$171,12,FALSE),IF(盤查結果!$F$6="IPCC第六次評估報告(2021)",VLOOKUP(K6,'Factor Table 1'!$D$171:$P$171,13,FALSE),0))))),0),0) -> 0 | AK6: =$L6*V6*AD6 -> 24.271506 | AL6: =$L6*W6*AE6 -> 0.011681473 | AM6: =$L6*X6*AF6 -> 0.011811127 | AN6: =$L6*Y6*AG6 -> 0 | AO6: =$L6*Z6*AH6 -> 0 | AP6: =$L6*AA6*AI6 -> 0 | AQ6: =$L6*AB6*AJ6 -> 0 | AR6: =ROUND(SUM(AK6:AQ6),4) -> 24.295 | AS6: =AR6/($D$3+$Y$57+$Y$63) -> 0.050883268 | AT6: =AS6/($D$3+$D$55) -> 2.8933246e-05
G7: =IF(K7<>"","固定燃燒","") -> 固定燃燒 | H7: =IF(K7<>"",1,"") -> 1 | J7: 緊急發電機作業 | K7: 柴油 | L7: 0 | M7: 公秉 | N7: 購買發票 | O7: =IF(V7>0.0000000001,"V","") -> V | P7: =IF(W7>0.0000000001,"V","") -> V | Q7: =IF(X7>0.0000000001,"V","") -> V | R7: =IF(Y7>0.0000000001,"V","") | S7: =IF(Z7>0.0000000001,"V","") | T7: =IF(AA7>0.0000000001,"V","") | U7: =IF(AB7>0.0000000001,"V","") | V7: =IFERROR(ROUND(VLOOKUP($K7,'Factor Table 1'!$D$3:$AD$60,11,FALSE),10),0) -> 2.6060318 | W7: =IFERROR(ROUND(VLOOKUP($K7,'Factor Table 1'!$D$3:$AD$60,13,FALSE),10),0) -> 0.0001055074 | X7: =IFERROR(ROUND(VLOOKUP($K7,'Factor Table 1'!$D$3:$AD$60,15,FALSE),10),0) -> 2.11015e-05 | Y7: =IFERROR(IF(OR(K7="CO2",K7="CH4",K7="N2O"),ROUND(VLOOKUP($K7,'Factor Table 1'!$D$3:$AD$69,17,FALSE),10),IFERROR(ROUND(VLOOKUP(J7,'Factor Table 1'!$C$3:$AD$69,18,FALSE),10),ROUND(VLOOKUP(K7,'Factor Table 1'!$D$3:$AD$69,17,FALSE),10))),0) -> 0 | Z7: 0 | AA7: =IFERROR(IF(K7="SF6",1,0),0) -> 0 | AB7: =IFERROR(IF(K7="NF3",1,0),0) -> 0 | AC7: =IFERROR(IF(OR(K7="CO2",K7="CH4",K7="N2O"),VLOOKUP($K7,'Factor Table 1'!$D$3:$AD$69,19,FALSE),IFERROR(VLOOKUP(J7,'Factor Table 1'!$C$3:$AD$69,20,FALSE),VLOOKUP(K7,'Factor Table 1'!$D$3:$AD$69,19,FALSE))),"") -> 環境部排放係管理表6.0.4 | AD7: =IF(H7=1,1,0) -> 1 | AE7: =IF(H7=1,IF(盤查結果!$F$6="IPCC第二次評估報告（1995）",'Factor Table 1'!$L$75,IF(盤查結果!$F$6="IPCC第三次評估報告(2001)",'Factor Table 1'!$M$75,IF(盤查結果!$F$6="IPCC第四次評估報告(2007)",'Factor Table 1'!$N$75,IF(盤查結果!$F$6="IPCC第五次評估報告(2013)",'Factor Table 1'!$O$75,IF(盤查結果!$F$6="IPCC第六次評估報告(2021)",'Factor Table 1'!$P$75,0))))),0) -> 27 | AF7: =IF(H7=1,IF(盤查結果!$F$6="IPCC第二次評估報告（1995）",'Factor Table 1'!$L$76,IF(盤查結果!$F$6="IPCC第三次評估報告(2001)",'Factor Table 1'!$M$76,IF(盤查結果!$F$6="IPCC第四次評估報告(2007)",'Factor Table 1'!$N$76,IF(盤查結果!$F$6="IPCC第五次評估報告(2013)",'Factor Table 1'!$O$76,IF(盤查結果!$F$6="IPCC第六次評估報告(2021)",'Factor Table 1'!$P$76,0))))),0) -> 273 | AG7: =IFERROR(IF(H7=1,IF(盤查結果!$F$6="IPCC第二次評估報告（1995）",VLOOKUP(K7,'Factor Table 1'!$D$75:$P$169,9,FALSE),IF(盤查結果!$F$6="IPCC第三次評估報告(2001)",VLOOKUP(K7,'Factor Table 1'!$D$75:$P$169,10,FALSE),IF(盤查結果!$F$6="IPCC第四次評估報告(2007)",VLOOKUP(K7,'Factor Table 1'!$D$75:$P$169,11,FALSE),IF(盤查結果!$F$6="IPCC第五次評估報告(2013)",VLOOKUP(K7,'Factor Table 1'!$D$75:$P$169,12,FALSE),IF(盤查結果!$F$6="IPCC第六次評估報告(2021)",VLOOKUP(K7,'Factor Table 1'!$D$75:$P$169,13,FALSE),0))))),0),0) -> 0 | AH7: 0 | AI7: =IFERROR(IF(H7=1,IF(盤查結果!$F$6="IPCC第二次評估報告（1995）",VLOOKUP(K7,'Factor Table 1'!$D$172:$P$172,9,FALSE),IF(盤查結果!$F$6="IPCC第三次評估報告(2001)",VLOOKUP(K7,'Factor Table 1'!$D$172:$P$172,10,FALSE),IF(盤查結果!$F$6="IPCC第四次評估報告(2007)",VLOOKUP(K7,'Factor Table 1'!$D$172:$P$172,11,FALSE),IF(盤查結果!$F$6="IPCC第五次評估報告(2013)",VLOOKUP(K7,'Factor Table 1'!$D$172:$P$172,12,FALSE),IF(盤查結果!$F$6="IPCC第六次評估報告(2021)",VLOOKUP(K7,'Factor Table 1'!$D$172:$P$172,13,FALSE),0))))),0),0) -> 0 | AJ7: =IFERROR(IF(H7=1,IF(盤查結果!$F$6="IPCC第二次評估報告（1995）",VLOOKUP(K7,'Factor Table 1'!$D$171:$P$171,9,FALSE),IF(盤查結果!$F$6="IPCC第三次評估報告(2001)",VLOOKUP(K7,'Factor Table 1'!$D$171:$P$171,10,FALSE),IF(盤查結果!$F$6="IPCC第四次評估報告(2007)",VLOOKUP(K7,'Factor Table 1'!$D$171:$P$171,11,FALSE),IF(盤查結果!$F$6="IPCC第五次評估報告(2013)",VLOOKUP(K7,'Factor Table 1'!$D$171:$P$171,12,FALSE),IF(盤查結果!$F$6="IPCC第六次評估報告(2021)",VLOOKUP(K7,'Factor Table 1'!$D$171:$P$171,13,FALSE),0))))),0),0) -> 0 | AK7: =$L7*V7*AD7 -> 0 | AL7: =$L7*W7*AE7 -> 0 | AM7: =$L7*X7*AF7 -> 0 | AN7: =$L7*Y7*AG7 -> 0 | AO7: =$L7*Z7*AH7 -> 0 | AP7: =$L7*AA7*AI7 -> 0 | AQ7: =$L7*AB7*AJ7 -> 0 | AR7: =ROUND(SUM(AK7:AQ7),4) -> 0 | AS7: =AR7/($D$3+$Y$57+$Y$63) -> 0 | AT7: =AS7/($D$3+$D$55) -> 0
G8: =IF(K8<>"","固定燃燒","") | H8: =IF(K8<>"",1,"") | O8: =IF(V8>0.0000000001,"V","") | P8: =IF(W8>0.0000000001,"V","") | Q8: =IF(X8>0.0000000001,"V","") | R8: =IF(Y8>0.0000000001,"V","") | S8: =IF(Z8>0.0000000001,"V","") | T8: =IF(AA8>0.0000000001,"V","") | U8: =IF(AB8>0.0000000001,"V","") | V8: =IFERROR(ROUND(VLOOKUP($K8,'Factor Table 1'!$D$3:$AD$60,11,FALSE),10),0) -> 0 | W8: =IFERROR(ROUND(VLOOKUP($K8,'Factor Table 1'!$D$3:$AD$60,13,FALSE),10),0) -> 0 | X8: =IFERROR(ROUND(VLOOKUP($K8,'Factor Table 1'!$D$3:$AD$60,15,FALSE),10),0) -> 0 | Y8: =IFERROR(IF(OR(K8="CO2",K8="CH4",K8="N2O"),ROUND(VLOOKUP($K8,'Factor Table 1'!$D$3:$AD$69,17,FALSE),10),IFERROR(ROUND(VLOOKUP(J8,'Factor Table 1'!$C$3:$AD$69,18,FALSE),10),ROUND(VLOOKUP(K8,'Factor Table 1'!$D$3:$AD$69,17,FALSE),10))),0) -> 0 | Z8: 0 | AA8: =IFERROR(IF(K8="SF6",1,0),0) -> 0 | AB8: =IFERROR(IF(K8="NF3",1,0),0) -> 0 | AC8: =IFERROR(IF(OR(K8="CO2",K8="CH4",K8="N2O"),VLOOKUP($K8,'Factor Table 1'!$D$3:$AD$69,19,FALSE),IFERROR(VLOOKUP(J8,'Factor Table 1'!$C$3:$AD$69,20,FALSE),VLOOKUP(K8,'Factor Table 1'!$D$3:$AD$69,19,FALSE))),"") | AD8: =IF(H8=1,1,0) -> 0 | AE8: =IF(H8=1,IF(盤查結果!$F$6="IPCC第二次評估報告（1995）",'Factor Table 1'!$L$75,IF(盤查結果!$F$6="IPCC第三次評估報告(2001)",'Factor Table 1'!$M$75,IF(盤查結果!$F$6="IPCC第四次評估報告(2007)",'Factor Table 1'!$N$75,IF(盤查結果!$F$6="IPCC第五次評估報告(2013)",'Factor Table 1'!$O$75,IF(盤查結果!$F$6="IPCC第六次評估報告(2021)",'Factor Table 1'!$P$75,0))))),0) -> 0 | AF8: =IF(H8=1,IF(盤查結果!$F$6="IPCC第二次評估報告（1995）",'Factor Table 1'!$L$76,IF(盤查結果!$F$6="IPCC第三次評估報告(2001)",'Factor Table 1'!$M$76,IF(盤查結果!$F$6="IPCC第四次評估報告(2007)",'Factor Table 1'!$N$76,IF(盤查結果!$F$6="IPCC第五次評估報告(2013)",'Factor Table 1'!$O$76,IF(盤查結果!$F$6="IPCC第六次評估報告(2021)",'Factor Table 1'!$P$76,0))))),0) -> 0 | AG8: =IFERROR(IF(H8=1,IF(盤查結果!$F$6="IPCC第二次評估報告（1995）",VLOOKUP(K8,'Factor Table 1'!$D$75:$P$169,9,FALSE),IF(盤查結果!$F$6="IPCC第三次評估報告(2001)",VLOOKUP(K8,'Factor Table 1'!$D$75:$P$169,10,FALSE),IF(盤查結果!$F$6="IPCC第四次評估報告(2007)",VLOOKUP(K8,'Factor Table 1'!$D$75:$P$169,11,FALSE),IF(盤查結果!$F$6="IPCC第五次評估報告(2013)",VLOOKUP(K8,'Factor Table 1'!$D$75:$P$169,12,FALSE),IF(盤查結果!$F$6="IPCC第六次評估報告(2021)",VLOOKUP(K8,'Factor Table 1'!$D$75:$P$169,13,FALSE),0))))),0),0) -> 0 | AH8: 0 | AI8: =IFERROR(IF(H8=1,IF(盤查結果!$F$6="IPCC第二次評估報告（1995）",VLOOKUP(K8,'Factor Table 1'!$D$172:$P$172,9,FALSE),IF(盤查結果!$F$6="IPCC第三次評估報告(2001)",VLOOKUP(K8,'Factor Table 1'!$D$172:$P$172,10,FALSE),IF(盤查結果!$F$6="IPCC第四次評估報告(2007)",VLOOKUP(K8,'Factor Table 1'!$D$172:$P$172,11,FALSE),IF(盤查結果!$F$6="IPCC第五次評估報告(2013)",VLOOKUP(K8,'Factor Table 1'!$D$172:$P$172,12,FALSE),IF(盤查結果!$F$6="IPCC第六次評估報告(2021)",VLOOKUP(K8,'Factor Table 1'!$D$172:$P$172,13,FALSE),0))))),0),0) -> 0 | AJ8: =IFERROR(IF(H8=1,IF(盤查結果!$F$6="IPCC第二次評估報告（1995）",VLOOKUP(K8,'Factor Table 1'!$D$171:$P$171,9,FALSE),IF(盤查結果!$F$6="IPCC第三次評估報告(2001)",VLOOKUP(K8,'Factor Table 1'!$D$171:$P$171,10,FALSE),IF(盤查結果!$F$6="IPCC第四次評估報告(2007)",VLOOKUP(K8,'Factor Table 1'!$D$171:$P$171,11,FALSE),IF(盤查結果!$F$6="IPCC第五次評估報告(2013)",VLOOKUP(K8,'Factor Table 1'!$D$171:$P$171,12,FALSE),IF(盤查結果!$F$6="IPCC第六次評估報告(2021)",VLOOKUP(K8,'Factor Table 1'!$D$171:$P$171,13,FALSE),0))))),0),0) -> 0 | AK8: =$L8*V8*AD8 -> 0 | AL8: =$L8*W8*AE8 -> 0 | AM8: =$L8*X8*AF8 -> 0 | AN8: =$L8*Y8*AG8 -> 0 | AO8: =$L8*Z8*AH8 -> 0 | AP8: =$L8*AA8*AI8 -> 0 | AQ8: =$L8*AB8*AJ8 -> 0 | AR8: =ROUND(SUM(AK8:AQ8),4) -> 0 | AS8: =AR8/($D$3+$Y$57+$Y$63) -> 0 | AT8: =AS8/($D$3+$D$55) -> 0
G9: =IF(K9<>"","固定燃燒","") | H9: =IF(K9<>"",1,"") | O9: =IF(V9>0.0000000001,"V","") | P9: =IF(W9>0.0000000001,"V","") | Q9: =IF(X9>0.0000000001,"V","") | R9: =IF(Y9>0.0000000001,"V","") | S9: =IF(Z9>0.0000000001,"V","") | T9: =IF(AA9>0.0000000001,"V","") | U9: =IF(AB9>0.0000000001,"V","") | V9: =IFERROR(ROUND(VLOOKUP($K9,'Factor Table 1'!$D$3:$AD$60,11,FALSE),10),0) -> 0 | W9: =IFERROR(ROUND(VLOOKUP($K9,'Factor Table 1'!$D$3:$AD$60,13,FALSE),10),0) -> 0 | X9: =IFERROR(ROUND(VLOOKUP($K9,'Factor Table 1'!$D$3:$AD$60,15,FALSE),10),0) -> 0 | Y9: =IFERROR(IF(OR(K9="CO2",K9="CH4",K9="N2O"),ROUND(VLOOKUP($K9,'Factor Table 1'!$D$3:$AD$69,17,FALSE),10),IFERROR(ROUND(VLOOKUP(J9,'Factor Table 1'!$C$3:$AD$69,18,FALSE),10),ROUND(VLOOKUP(K9,'Factor Table 1'!$D$3:$AD$69,17,FALSE),10))),0) -> 0 | Z9: 0 | AA9: =IFERROR(IF(K9="SF6",1,0),0) -> 0 | AB9: =IFERROR(IF(K9="NF3",1,0),0) -> 0 | AC9: =IFERROR(IF(OR(K9="CO2",K9="CH4",K9="N2O"),VLOOKUP($K9,'Factor Table 1'!$D$3:$AD$69,19,FALSE),IFERROR(VLOOKUP(J9,'Factor Table 1'!$C$3:$AD$69,20,FALSE),VLOOKUP(K9,'Factor Table 1'!$D$3:$AD$69,19,FALSE))),"") | AD9: =IF(H9=1,1,0) -> 0 | AE9: =IF(H9=1,IF(盤查結果!$F$6="IPCC第二次評估報告（1995）",'Factor Table 1'!$L$75,IF(盤查結果!$F$6="IPCC第三次評估報告(2001)",'Factor Table 1'!$M$75,IF(盤查結果!$F$6="IPCC第四次評估報告(2007)",'Factor Table 1'!$N$75,IF(盤查結果!$F$6="IPCC第五次評估報告(2013)",'Factor Table 1'!$O$75,IF(盤查結果!$F$6="IPCC第六次評估報告(2021)",'Factor Table 1'!$P$75,0))))),0) -> 0 | AF9: =IF(H9=1,IF(盤查結果!$F$6="IPCC第二次評估報告（1995）",'Factor Table 1'!$L$76,IF(盤查結果!$F$6="IPCC第三次評估報告(2001)",'Factor Table 1'!$M$76,IF(盤查結果!$F$6="IPCC第四次評估報告(2007)",'Factor Table 1'!$N$76,IF(盤查結果!$F$6="IPCC第五次評估報告(2013)",'Factor Table 1'!$O$76,IF(盤查結果!$F$6="IPCC第六次評估報告(2021)",'Factor Table 1'!$P$76,0))))),0) -> 0 | AG9: =IFERROR(IF(H9=1,IF(盤查結果!$F$6="IPCC第二次評估報告（1995）",VLOOKUP(K9,'Factor Table 1'!$D$75:$P$169,9,FALSE),IF(盤查結果!$F$6="IPCC第三次評估報告(2001)",VLOOKUP(K9,'Factor Table 1'!$D$75:$P$169,10,FALSE),IF(盤查結果!$F$6="IPCC第四次評估報告(2007)",VLOOKUP(K9,'Factor Table 1'!$D$75:$P$169,11,FALSE),IF(盤查結果!$F$6="IPCC第五次評估報告(2013)",VLOOKUP(K9,'Factor Table 1'!$D$75:$P$169,12,FALSE),IF(盤查結果!$F$6="IPCC第六次評估報告(2021)",VLOOKUP(K9,'Factor Table 1'!$D$75:$P$169,13,FALSE),0))))),0),0) -> 0 | AH9: 0 | AI9: =IFERROR(IF(H9=1,IF(盤查結果!$F$6="IPCC第二次評估報告（1995）",VLOOKUP(K9,'Factor Table 1'!$D$172:$P$172,9,FALSE),IF(盤查結果!$F$6="IPCC第三次評估報告(2001)",VLOOKUP(K9,'Factor Table 1'!$D$172:$P$172,10,FALSE),IF(盤查結果!$F$6="IPCC第四次評估報告(2007)",VLOOKUP(K9,'Factor Table 1'!$D$172:$P$172,11,FALSE),IF(盤查結果!$F$6="IPCC第五次評估報告(2013)",VLOOKUP(K9,'Factor Table 1'!$D$172:$P$172,12,FALSE),IF(盤查結果!$F$6="IPCC第六次評估報告(2021)",VLOOKUP(K9,'Factor Table 1'!$D$172:$P$172,13,FALSE),0))))),0),0) -> 0 | AJ9: =IFERROR(IF(H9=1,IF(盤查結果!$F$6="IPCC第二次評估報告（1995）",VLOOKUP(K9,'Factor Table 1'!$D$171:$P$171,9,FALSE),IF(盤查結果!$F$6="IPCC第三次評估報告(2001)",VLOOKUP(K9,'Factor Table 1'!$D$171:$P$171,10,FALSE),IF(盤查結果!$F$6="IPCC第四次評估報告(2007)",VLOOKUP(K9,'Factor Table 1'!$D$171:$P$171,11,FALSE),IF(盤查結果!$F$6="IPCC第五次評估報告(2013)",VLOOKUP(K9,'Factor Table 1'!$D$171:$P$171,12,FALSE),IF(盤查結果!$F$6="IPCC第六次評估報告(2021)",VLOOKUP(K9,'Factor Table 1'!$D$171:$P$171,13,FALSE),0))))),0),0) -> 0 | AK9: =$L9*V9*AD9 -> 0 | AL9: =$L9*W9*AE9 -> 0 | AM9: =$L9*X9*AF9 -> 0 | AN9: =$L9*Y9*AG9 -> 0 | AO9: =$L9*Z9*AH9 -> 0 | AP9: =$L9*AA9*AI9 -> 0 | AQ9: =$L9*AB9*AJ9 -> 0 | AR9: =ROUND(SUM(AK9:AQ9),4) -> 0 | AS9: =AR9/($D$3+$Y$57+$Y$63) -> 0 | AT9: =AS9/($D$3+$D$55) -> 0
G10: =IF(K10<>"","固定燃燒","") | H10: =IF(K10<>"",1,"") | O10: =IF(V10>0.0000000001,"V","") | P10: =IF(W10>0.0000000001,"V","") | Q10: =IF(X10>0.0000000001,"V","") | R10: =IF(Y10>0.0000000001,"V","") | S10: =IF(Z10>0.0000000001,"V","") | T10: =IF(AA10>0.0000000001,"V","") | U10: =IF(AB10>0.0000000001,"V","") | V10: =IFERROR(ROUND(VLOOKUP($K10,'Factor Table 1'!$D$3:$AD$60,11,FALSE),10),0) -> 0 | W10: =IFERROR(ROUND(VLOOKUP($K10,'Factor Table 1'!$D$3:$AD$60,13,FALSE),10),0) -> 0 | X10: =IFERROR(ROUND(VLOOKUP($K10,'Factor Table 1'!$D$3:$AD$60,15,FALSE),10),0) -> 0 | Y10: =IFERROR(IF(OR(K10="CO2",K10="CH4",K10="N2O"),ROUND(VLOOKUP($K10,'Factor Table 1'!$D$3:$AD$69,17,FALSE),10),IFERROR(ROUND(VLOOKUP(J10,'Factor Table 1'!$C$3:$AD$69,18,FALSE),10),ROUND(VLOOKUP(K10,'Factor Table 1'!$D$3:$AD$69,17,FALSE),10))),0) -> 0 | Z10: 0 | AA10: =IFERROR(IF(K10="SF6",1,0),0) -> 0 | AB10: =IFERROR(IF(K10="NF3",1,0),0) -> 0 | AC10: =IFERROR(IF(OR(K10="CO2",K10="CH4",K10="N2O"),VLOOKUP($K10,'Factor Table 1'!$D$3:$AD$69,19,FALSE),IFERROR(VLOOKUP(J10,'Factor Table 1'!$C$3:$AD$69,20,FALSE),VLOOKUP(K10,'Factor Table 1'!$D$3:$AD$69,19,FALSE))),"") | AD10: =IF(H10=1,1,0) -> 0 | AE10: =IF(H10=1,IF(盤查結果!$F$6="IPCC第二次評估報告（1995）",'Factor Table 1'!$L$75,IF(盤查結果!$F$6="IPCC第三次評估報告(2001)",'Factor Table 1'!$M$75,IF(盤查結果!$F$6="IPCC第四次評估報告(2007)",'Factor Table 1'!$N$75,IF(盤查結果!$F$6="IPCC第五次評估報告(2013)",'Factor Table 1'!$O$75,IF(盤查結果!$F$6="IPCC第六次評估報告(2021)",'Factor Table 1'!$P$75,0))))),0) -> 0 | AF10: =IF(H10=1,IF(盤查結果!$F$6="IPCC第二次評估報告（1995）",'Factor Table 1'!$L$76,IF(盤查結果!$F$6="IPCC第三次評估報告(2001)",'Factor Table 1'!$M$76,IF(盤查結果!$F$6="IPCC第四次評估報告(2007)",'Factor Table 1'!$N$76,IF(盤查結果!$F$6="IPCC第五次評估報告(2013)",'Factor Table 1'!$O$76,IF(盤查結果!$F$6="IPCC第六次評估報告(2021)",'Factor Table 1'!$P$76,0))))),0) -> 0 | AG10: =IFERROR(IF(H10=1,IF(盤查結果!$F$6="IPCC第二次評估報告（1995）",VLOOKUP(K10,'Factor Table 1'!$D$75:$P$169,9,FALSE),IF(盤查結果!$F$6="IPCC第三次評估報告(2001)",VLOOKUP(K10,'Factor Table 1'!$D$75:$P$169,10,FALSE),IF(盤查結果!$F$6="IPCC第四次評估報告(2007)",VLOOKUP(K10,'Factor Table 1'!$D$75:$P$169,11,FALSE),IF(盤查結果!$F$6="IPCC第五次評估報告(2013)",VLOOKUP(K10,'Factor Table 1'!$D$75:$P$169,12,FALSE),IF(盤查結果!$F$6="IPCC第六次評估報告(2021)",VLOOKUP(K10,'Factor Table 1'!$D$75:$P$169,13,FALSE),0))))),0),0) -> 0 | AH10: 0 | AI10: =IFERROR(IF(H10=1,IF(盤查結果!$F$6="IPCC第二次評估報告（1995）",VLOOKUP(K10,'Factor Table 1'!$D$172:$P$172,9,FALSE),IF(盤查結果!$F$6="IPCC第三次評估報告(2001)",VLOOKUP(K10,'Factor Table 1'!$D$172:$P$172,10,FALSE),IF(盤查結果!$F$6="IPCC第四次評估報告(2007)",VLOOKUP(K10,'Factor Table 1'!$D$172:$P$172,11,FALSE),IF(盤查結果!$F$6="IPCC第五次評估報告(2013)",VLOOKUP(K10,'Factor Table 1'!$D$172:$P$172,12,FALSE),IF(盤查結果!$F$6="IPCC第六次評估報告(2021)",VLOOKUP(K10,'Factor Table 1'!$D$172:$P$172,13,FALSE),0))))),0),0) -> 0 | AJ10: =IFERROR(IF(H10=1,IF(盤查結果!$F$6="IPCC第二次評估報告（1995）",VLOOKUP(K10,'Factor Table 1'!$D$171:$P$171,9,FALSE),IF(盤查結果!$F$6="IPCC第三次評估報告(2001)",VLOOKUP(K10,'Factor Table 1'!$D$171:$P$171,10,FALSE),IF(盤查結果!$F$6="IPCC第四次評估報告(2007)",VLOOKUP(K10,'Factor Table 1'!$D$171:$P$171,11,FALSE),IF(盤查結果!$F$6="IPCC第五次評估報告(2013)",VLOOKUP(K10,'Factor Table 1'!$D$171:$P$171,12,FALSE),IF(盤查結果!$F$6="IPCC第六次評估報告(2021)",VLOOKUP(K10,'Factor Table 1'!$D$171:$P$171,13,FALSE),0))))),0),0) -> 0 | AK10: =$L10*V10*AD10 -> 0 | AL10: =$L10*W10*AE10 -> 0 | AM10: =$L10*X10*AF10 -> 0 | AN10: =$L10*Y10*AG10 -> 0 | AO10: =$L10*Z10*AH10 -> 0 | AP10: =$L10*AA10*AI10 -> 0 | AQ10: =$L10*AB10*AJ10 -> 0 | AR10: =ROUND(SUM(AK10:AQ10),4) -> 0 | AS10: =AR10/($D$3+$Y$57+$Y$63) -> 0 | AT10: =AS10/($D$3+$D$55) -> 0
G11: =IF(K11<>"","固定燃燒","") | H11: =IF(K11<>"",1,"") | O11: =IF(V11>0.0000000001,"V","") | P11: =IF(W11>0.0000000001,"V","") | Q11: =IF(X11>0.0000000001,"V","") | R11: =IF(Y11>0.0000000001,"V","") | S11: =IF(Z11>0.0000000001,"V","") | T11: =IF(AA11>0.0000000001,"V","") | U11: =IF(AB11>0.0000000001,"V","") | V11: =IFERROR(ROUND(VLOOKUP($K11,'Factor Table 1'!$D$3:$AD$60,11,FALSE),10),0) -> 0 | W11: =IFERROR(ROUND(VLOOKUP($K11,'Factor Table 1'!$D$3:$AD$60,13,FALSE),10),0) -> 0 | X11: =IFERROR(ROUND(VLOOKUP($K11,'Factor Table 1'!$D$3:$AD$60,15,FALSE),10),0) -> 0 | Y11: =IFERROR(IF(OR(K11="CO2",K11="CH4",K11="N2O"),ROUND(VLOOKUP($K11,'Factor Table 1'!$D$3:$AD$69,17,FALSE),10),IFERROR(ROUND(VLOOKUP(J11,'Factor Table 1'!$C$3:$AD$69,18,FALSE),10),ROUND(VLOOKUP(K11,'Factor Table 1'!$D$3:$AD$69,17,FALSE),10))),0) -> 0 | Z11: 0 | AA11: =IFERROR(IF(K11="SF6",1,0),0) -> 0 | AB11: =IFERROR(IF(K11="NF3",1,0),0) -> 0 | AC11: =IFERROR(IF(OR(K11="CO2",K11="CH4",K11="N2O"),VLOOKUP($K11,'Factor Table 1'!$D$3:$AD$69,19,FALSE),IFERROR(VLOOKUP(J11,'Factor Table 1'!$C$3:$AD$69,20,FALSE),VLOOKUP(K11,'Factor Table 1'!$D$3:$AD$69,19,FALSE))),"") | AD11: =IF(H11=1,1,0) -> 0 | AE11: =IF(H11=1,IF(盤查結果!$F$6="IPCC第二次評估報告（1995）",'Factor Table 1'!$L$75,IF(盤查結果!$F$6="IPCC第三次評估報告(2001)",'Factor Table 1'!$M$75,IF(盤查結果!$F$6="IPCC第四次評估報告(2007)",'Factor Table 1'!$N$75,IF(盤查結果!$F$6="IPCC第五次評估報告(2013)",'Factor Table 1'!$O$75,IF(盤查結果!$F$6="IPCC第六次評估報告(2021)",'Factor Table 1'!$P$75,0))))),0) -> 0 | AF11: =IF(H11=1,IF(盤查結果!$F$6="IPCC第二次評估報告（1995）",'Factor Table 1'!$L$76,IF(盤查結果!$F$6="IPCC第三次評估報告(2001)",'Factor Table 1'!$M$76,IF(盤查結果!$F$6="IPCC第四次評估報告(2007)",'Factor Table 1'!$N$76,IF(盤查結果!$F$6="IPCC第五次評估報告(2013)",'Factor Table 1'!$O$76,IF(盤查結果!$F$6="IPCC第六次評估報告(2021)",'Factor Table 1'!$P$76,0))))),0) -> 0 | AG11: =IFERROR(IF(H11=1,IF(盤查結果!$F$6="IPCC第二次評估報告（1995）",VLOOKUP(K11,'Factor Table 1'!$D$75:$P$169,9,FALSE),IF(盤查結果!$F$6="IPCC第三次評估報告(2001)",VLOOKUP(K11,'Factor Table 1'!$D$75:$P$169,10,FALSE),IF(盤查結果!$F$6="IPCC第四次評估報告(2007)",VLOOKUP(K11,'Factor Table 1'!$D$75:$P$169,11,FALSE),IF(盤查結果!$F$6="IPCC第五次評估報告(2013)",VLOOKUP(K11,'Factor Table 1'!$D$75:$P$169,12,FALSE),IF(盤查結果!$F$6="IPCC第六次評估報告(2021)",VLOOKUP(K11,'Factor Table 1'!$D$75:$P$169,13,FALSE),0))))),0),0) -> 0 | AH11: 0 | AI11: =IFERROR(IF(H11=1,IF(盤查結果!$F$6="IPCC第二次評估報告（1995）",VLOOKUP(K11,'Factor Table 1'!$D$172:$P$172,9,FALSE),IF(盤查結果!$F$6="IPCC第三次評估報告(2001)",VLOOKUP(K11,'Factor Table 1'!$D$172:$P$172,10,FALSE),IF(盤查結果!$F$6="IPCC第四次評估報告(2007)",VLOOKUP(K11,'Factor Table 1'!$D$172:$P$172,11,FALSE),IF(盤查結果!$F$6="IPCC第五次評估報告(2013)",VLOOKUP(K11,'Factor Table 1'!$D$172:$P$172,12,FALSE),IF(盤查結果!$F$6="IPCC第六次評估報告(2021)",VLOOKUP(K11,'Factor Table 1'!$D$172:$P$172,13,FALSE),0))))),0),0) -> 0 | AJ11: =IFERROR(IF(H11=1,IF(盤查結果!$F$6="IPCC第二次評估報告（1995）",VLOOKUP(K11,'Factor Table 1'!$D$171:$P$171,9,FALSE),IF(盤查結果!$F$6="IPCC第三次評估報告(2001)",VLOOKUP(K11,'Factor Table 1'!$D$171:$P$171,10,FALSE),IF(盤查結果!$F$6="IPCC第四次評估報告(2007)",VLOOKUP(K11,'Factor Table 1'!$D$171:$P$171,11,FALSE),IF(盤查結果!$F$6="IPCC第五次評估報告(2013)",VLOOKUP(K11,'Factor Table 1'!$D$171:$P$171,12,FALSE),IF(盤查結果!$F$6="IPCC第六次評估報告(2021)",VLOOKUP(K11,'Factor Table 1'!$D$171:$P$171,13,FALSE),0))))),0),0) -> 0 | AK11: =$L11*V11*AD11 -> 0 | AL11: =$L11*W11*AE11 -> 0 | AM11: =$L11*X11*AF11 -> 0 | AN11: =$L11*Y11*AG11 -> 0 | AO11: =$L11*Z11*AH11 -> 0 | AP11: =$L11*AA11*AI11 -> 0 | AQ11: =$L11*AB11*AJ11 -> 0 | AR11: =ROUND(SUM(AK11:AQ11),4) -> 0 | AS11: =AR11/($D$3+$Y$57+$Y$63) -> 0 | AT11: =AS11/($D$3+$D$55) -> 0
G12: =IF(K12<>"","固定燃燒","") | H12: =IF(K12<>"",1,"") | O12: =IF(V12>0.0000000001,"V","") | P12: =IF(W12>0.0000000001,"V","") | Q12: =IF(X12>0.0000000001,"V","") | R12: =IF(Y12>0.0000000001,"V","") | S12: =IF(Z12>0.0000000001,"V","") | T12: =IF(AA12>0.0000000001,"V","") | U12: =IF(AB12>0.0000000001,"V","") | V12: =IFERROR(ROUND(VLOOKUP($K12,'Factor Table 1'!$D$3:$AD$60,11,FALSE),10),0) -> 0 | W12: =IFERROR(ROUND(VLOOKUP($K12,'Factor Table 1'!$D$3:$AD$60,13,FALSE),10),0) -> 0 | X12: =IFERROR(ROUND(VLOOKUP($K12,'Factor Table 1'!$D$3:$AD$60,15,FALSE),10),0) -> 0 | Y12: =IFERROR(IF(OR(K12="CO2",K12="CH4",K12="N2O"),ROUND(VLOOKUP($K12,'Factor Table 1'!$D$3:$AD$69,17,FALSE),10),IFERROR(ROUND(VLOOKUP(J12,'Factor Table 1'!$C$3:$AD$69,18,FALSE),10),ROUND(VLOOKUP(K12,'Factor Table 1'!$D$3:$AD$69,17,FALSE),10))),0) -> 0 | Z12: 0 | AA12: =IFERROR(IF(K12="SF6",1,0),0) -> 0 | AB12: =IFERROR(IF(K12="NF3",1,0),0) -> 0 | AC12: =IFERROR(IF(OR(K12="CO2",K12="CH4",K12="N2O"),VLOOKUP($K12,'Factor Table 1'!$D$3:$AD$69,19,FALSE),IFERROR(VLOOKUP(J12,'Factor Table 1'!$C$3:$AD$69,20,FALSE),VLOOKUP(K12,'Factor Table 1'!$D$3:$AD$69,19,FALSE))),"") | AD12: =IF(H12=1,1,0) -> 0 | AE12: =IF(H12=1,IF(盤查結果!$F$6="IPCC第二次評估報告（1995）",'Factor Table 1'!$L$75,IF(盤查結果!$F$6="IPCC第三次評估報告(2001)",'Factor Table 1'!$M$75,IF(盤查結果!$F$6="IPCC第四次評估報告(2007)",'Factor Table 1'!$N$75,IF(盤查結果!$F$6="IPCC第五次評估報告(2013)",'Factor Table 1'!$O$75,IF(盤查結果!$F$6="IPCC第六次評估報告(2021)",'Factor Table 1'!$P$75,0))))),0) -> 0 | AF12: =IF(H12=1,IF(盤查結果!$F$6="IPCC第二次評估報告（1995）",'Factor Table 1'!$L$76,IF(盤查結果!$F$6="IPCC第三次評估報告(2001)",'Factor Table 1'!$M$76,IF(盤查結果!$F$6="IPCC第四次評估報告(2007)",'Factor Table 1'!$N$76,IF(盤查結果!$F$6="IPCC第五次評估報告(2013)",'Factor Table 1'!$O$76,IF(盤查結果!$F$6="IPCC第六次評估報告(2021)",'Factor Table 1'!$P$76,0))))),0) -> 0 | AG12: =IFERROR(IF(H12=1,IF(盤查結果!$F$6="IPCC第二次評估報告（1995）",VLOOKUP(K12,'Factor Table 1'!$D$75:$P$169,9,FALSE),IF(盤查結果!$F$6="IPCC第三次評估報告(2001)",VLOOKUP(K12,'Factor Table 1'!$D$75:$P$169,10,FALSE),IF(盤查結果!$F$6="IPCC第四次評估報告(2007)",VLOOKUP(K12,'Factor Table 1'!$D$75:$P$169,11,FALSE),IF(盤查結果!$F$6="IPCC第五次評估報告(2013)",VLOOKUP(K12,'Factor Table 1'!$D$75:$P$169,12,FALSE),IF(盤查結果!$F$6="IPCC第六次評估報告(2021)",VLOOKUP(K12,'Factor Table 1'!$D$75:$P$169,13,FALSE),0))))),0),0) -> 0 | AH12: 0 | AI12: =IFERROR(IF(H12=1,IF(盤查結果!$F$6="IPCC第二次評估報告（1995）",VLOOKUP(K12,'Factor Table 1'!$D$172:$P$172,9,FALSE),IF(盤查結果!$F$6="IPCC第三次評估報告(2001)",VLOOKUP(K12,'Factor Table 1'!$D$172:$P$172,10,FALSE),IF(盤查結果!$F$6="IPCC第四次評估報告(2007)",VLOOKUP(K12,'Factor Table 1'!$D$172:$P$172,11,FALSE),IF(盤查結果!$F$6="IPCC第五次評估報告(2013)",VLOOKUP(K12,'Factor Table 1'!$D$172:$P$172,12,FALSE),IF(盤查結果!$F$6="IPCC第六次評估報告(2021)",VLOOKUP(K12,'Factor Table 1'!$D$172:$P$172,13,FALSE),0))))),0),0) -> 0 | AJ12: =IFERROR(IF(H12=1,IF(盤查結果!$F$6="IPCC第二次評估報告（1995）",VLOOKUP(K12,'Factor Table 1'!$D$171:$P$171,9,FALSE),IF(盤查結果!$F$6="IPCC第三次評估報告(2001)",VLOOKUP(K12,'Factor Table 1'!$D$171:$P$171,10,FALSE),IF(盤查結果!$F$6="IPCC第四次評估報告(2007)",VLOOKUP(K12,'Factor Table 1'!$D$171:$P$171,11,FALSE),IF(盤查結果!$F$6="IPCC第五次評估報告(2013)",VLOOKUP(K12,'Factor Table 1'!$D$171:$P$171,12,FALSE),IF(盤查結果!$F$6="IPCC第六次評估報告(2021)",VLOOKUP(K12,'Factor Table 1'!$D$171:$P$171,13,FALSE),0))))),0),0) -> 0 | AK12: =$L12*V12*AD12 -> 0 | AL12: =$L12*W12*AE12 -> 0 | AM12: =$L12*X12*AF12 -> 0 | AN12: =$L12*Y12*AG12 -> 0 | AO12: =$L12*Z12*AH12 -> 0 | AP12: =$L12*AA12*AI12 -> 0 | AQ12: =$L12*AB12*AJ12 -> 0 | AR12: =ROUND(SUM(AK12:AQ12),4) -> 0 | AS12: =AR12/($D$3+$Y$57+$Y$63) -> 0 | AT12: =AS12/($D$3+$D$55) -> 0
G13: =IF(K13<>"","固定燃燒","") | H13: =IF(K13<>"",1,"") | O13: =IF(V13>0.0000000001,"V","") | P13: =IF(W13>0.0000000001,"V","") | Q13: =IF(X13>0.0000000001,"V","") | R13: =IF(Y13>0.0000000001,"V","") | S13: =IF(Z13>0.0000000001,"V","") | T13: =IF(AA13>0.0000000001,"V","") | U13: =IF(AB13>0.0000000001,"V","") | V13: =IFERROR(ROUND(VLOOKUP($K13,'Factor Table 1'!$D$3:$AD$60,11,FALSE),10),0) -> 0 | W13: =IFERROR(ROUND(VLOOKUP($K13,'Factor Table 1'!$D$3:$AD$60,13,FALSE),10),0) -> 0 | X13: =IFERROR(ROUND(VLOOKUP($K13,'Factor Table 1'!$D$3:$AD$60,15,FALSE),10),0) -> 0 | Y13: =IFERROR(IF(OR(K13="CO2",K13="CH4",K13="N2O"),ROUND(VLOOKUP($K13,'Factor Table 1'!$D$3:$AD$69,17,FALSE),10),IFERROR(ROUND(VLOOKUP(J13,'Factor Table 1'!$C$3:$AD$69,18,FALSE),10),ROUND(VLOOKUP(K13,'Factor Table 1'!$D$3:$AD$69,17,FALSE),10))),0) -> 0 | Z13: 0 | AA13: =IFERROR(IF(K13="SF6",1,0),0) -> 0 | AB13: =IFERROR(IF(K13="NF3",1,0),0) -> 0 | AC13: =IFERROR(IF(OR(K13="CO2",K13="CH4",K13="N2O"),VLOOKUP($K13,'Factor Table 1'!$D$3:$AD$69,19,FALSE),IFERROR(VLOOKUP(J13,'Factor Table 1'!$C$3:$AD$69,20,FALSE),VLOOKUP(K13,'Factor Table 1'!$D$3:$AD$69,19,FALSE))),"") | AD13: =IF(H13=1,1,0) -> 0 | AE13: =IF(H13=1,IF(盤查結果!$F$6="IPCC第二次評估報告（1995）",'Factor Table 1'!$L$75,IF(盤查結果!$F$6="IPCC第三次評估報告(2001)",'Factor Table 1'!$M$75,IF(盤查結果!$F$6="IPCC第四次評估報告(2007)",'Factor Table 1'!$N$75,IF(盤查結果!$F$6="IPCC第五次評估報告(2013)",'Factor Table 1'!$O$75,IF(盤查結果!$F$6="IPCC第六次評估報告(2021)",'Factor Table 1'!$P$75,0))))),0) -> 0 | AF13: =IF(H13=1,IF(盤查結果!$F$6="IPCC第二次評估報告（1995）",'Factor Table 1'!$L$76,IF(盤查結果!$F$6="IPCC第三次評估報告(2001)",'Factor Table 1'!$M$76,IF(盤查結果!$F$6="IPCC第四次評估報告(2007)",'Factor Table 1'!$N$76,IF(盤查結果!$F$6="IPCC第五次評估報告(2013)",'Factor Table 1'!$O$76,IF(盤查結果!$F$6="IPCC第六次評估報告(2021)",'Factor Table 1'!$P$76,0))))),0) -> 0 | AG13: =IFERROR(IF(H13=1,IF(盤查結果!$F$6="IPCC第二次評估報告（1995）",VLOOKUP(K13,'Factor Table 1'!$D$75:$P$169,9,FALSE),IF(盤查結果!$F$6="IPCC第三次評估報告(2001)",VLOOKUP(K13,'Factor Table 1'!$D$75:$P$169,10,FALSE),IF(盤查結果!$F$6="IPCC第四次評估報告(2007)",VLOOKUP(K13,'Factor Table 1'!$D$75:$P$169,11,FALSE),IF(盤查結果!$F$6="IPCC第五次評估報告(2013)",VLOOKUP(K13,'Factor Table 1'!$D$75:$P$169,12,FALSE),IF(盤查結果!$F$6="IPCC第六次評估報告(2021)",VLOOKUP(K13,'Factor Table 1'!$D$75:$P$169,13,FALSE),0))))),0),0) -> 0 | AH13: 0 | AI13: =IFERROR(IF(H13=1,IF(盤查結果!$F$6="IPCC第二次評估報告（1995）",VLOOKUP(K13,'Factor Table 1'!$D$172:$P$172,9,FALSE),IF(盤查結果!$F$6="IPCC第三次評估報告(2001)",VLOOKUP(K13,'Factor Table 1'!$D$172:$P$172,10,FALSE),IF(盤查結果!$F$6="IPCC第四次評估報告(2007)",VLOOKUP(K13,'Factor Table 1'!$D$172:$P$172,11,FALSE),IF(盤查結果!$F$6="IPCC第五次評估報告(2013)",VLOOKUP(K13,'Factor Table 1'!$D$172:$P$172,12,FALSE),IF(盤查結果!$F$6="IPCC第六次評估報告(2021)",VLOOKUP(K13,'Factor Table 1'!$D$172:$P$172,13,FALSE),0))))),0),0) -> 0 | AJ13: =IFERROR(IF(H13=1,IF(盤查結果!$F$6="IPCC第二次評估報告（1995）",VLOOKUP(K13,'Factor Table 1'!$D$171:$P$171,9,FALSE),IF(盤查結果!$F$6="IPCC第三次評估報告(2001)",VLOOKUP(K13,'Factor Table 1'!$D$171:$P$171,10,FALSE),IF(盤查結果!$F$6="IPCC第四次評估報告(2007)",VLOOKUP(K13,'Factor Table 1'!$D$171:$P$171,11,FALSE),IF(盤查結果!$F$6="IPCC第五次評估報告(2013)",VLOOKUP(K13,'Factor Table 1'!$D$171:$P$171,12,FALSE),IF(盤查結果!$F$6="IPCC第六次評估報告(2021)",VLOOKUP(K13,'Factor Table 1'!$D$171:$P$171,13,FALSE),0))))),0),0) -> 0 | AK13: =$L13*V13*AD13 -> 0 | AL13: =$L13*W13*AE13 -> 0 | AM13: =$L13*X13*AF13 -> 0 | AN13: =$L13*Y13*AG13 -> 0 | AO13: =$L13*Z13*AH13 -> 0 | AP13: =$L13*AA13*AI13 -> 0 | AQ13: =$L13*AB13*AJ13 -> 0 | AR13: =ROUND(SUM(AK13:AQ13),4) -> 0 | AS13: =AR13/($D$3+$Y$57+$Y$63) -> 0 | AT13: =AS13/($D$3+$D$55) -> 0
G14: =IF(K14<>"","固定燃燒","") | H14: =IF(K14<>"",1,"") | O14: =IF(V14>0.0000000001,"V","") | P14: =IF(W14>0.0000000001,"V","") | Q14: =IF(X14>0.0000000001,"V","") | R14: =IF(Y14>0.0000000001,"V","") | S14: =IF(Z14>0.0000000001,"V","") | T14: =IF(AA14>0.0000000001,"V","") | U14: =IF(AB14>0.0000000001,"V","") | V14: =IFERROR(ROUND(VLOOKUP($K14,'Factor Table 1'!$D$3:$AD$60,11,FALSE),10),0) -> 0 | W14: =IFERROR(ROUND(VLOOKUP($K14,'Factor Table 1'!$D$3:$AD$60,13,FALSE),10),0) -> 0 | X14: =IFERROR(ROUND(VLOOKUP($K14,'Factor Table 1'!$D$3:$AD$60,15,FALSE),10),0) -> 0 | Y14: =IFERROR(IF(OR(K14="CO2",K14="CH4",K14="N2O"),ROUND(VLOOKUP($K14,'Factor Table 1'!$D$3:$AD$69,17,FALSE),10),IFERROR(ROUND(VLOOKUP(J14,'Factor Table 1'!$C$3:$AD$69,18,FALSE),10),ROUND(VLOOKUP(K14,'Factor Table 1'!$D$3:$AD$69,17,FALSE),10))),0) -> 0 | Z14: 0 | AA14: =IFERROR(IF(K14="SF6",1,0),0) -> 0 | AB14: =IFERROR(IF(K14="NF3",1,0),0) -> 0 | AC14: =IFERROR(IF(OR(K14="CO2",K14="CH4",K14="N2O"),VLOOKUP($K14,'Factor Table 1'!$D$3:$AD$69,19,FALSE),IFERROR(VLOOKUP(J14,'Factor Table 1'!$C$3:$AD$69,20,FALSE),VLOOKUP(K14,'Factor Table 1'!$D$3:$AD$69,19,FALSE))),"") | AD14: =IF(H14=1,1,0) -> 0 | AE14: =IF(H14=1,IF(盤查結果!$F$6="IPCC第二次評估報告（1995）",'Factor Table 1'!$L$75,IF(盤查結果!$F$6="IPCC第三次評估報告(2001)",'Factor Table 1'!$M$75,IF(盤查結果!$F$6="IPCC第四次評估報告(2007)",'Factor Table 1'!$N$75,IF(盤查結果!$F$6="IPCC第五次評估報告(2013)",'Factor Table 1'!$O$75,IF(盤查結果!$F$6="IPCC第六次評估報告(2021)",'Factor Table 1'!$P$75,0))))),0) -> 0 | AF14: =IF(H14=1,IF(盤查結果!$F$6="IPCC第二次評估報告（1995）",'Factor Table 1'!$L$76,IF(盤查結果!$F$6="IPCC第三次評估報告(2001)",'Factor Table 1'!$M$76,IF(盤查結果!$F$6="IPCC第四次評估報告(2007)",'Factor Table 1'!$N$76,IF(盤查結果!$F$6="IPCC第五次評估報告(2013)",'Factor Table 1'!$O$76,IF(盤查結果!$F$6="IPCC第六次評估報告(2021)",'Factor Table 1'!$P$76,0))))),0) -> 0 | AG14: =IFERROR(IF(H14=1,IF(盤查結果!$F$6="IPCC第二次評估報告（1995）",VLOOKUP(K14,'Factor Table 1'!$D$75:$P$169,9,FALSE),IF(盤查結果!$F$6="IPCC第三次評估報告(2001)",VLOOKUP(K14,'Factor Table 1'!$D$75:$P$169,10,FALSE),IF(盤查結果!$F$6="IPCC第四次評估報告(2007)",VLOOKUP(K14,'Factor Table 1'!$D$75:$P$169,11,FALSE),IF(盤查結果!$F$6="IPCC第五次評估報告(2013)",VLOOKUP(K14,'Factor Table 1'!$D$75:$P$169,12,FALSE),IF(盤查結果!$F$6="IPCC第六次評估報告(2021)",VLOOKUP(K14,'Factor Table 1'!$D$75:$P$169,13,FALSE),0))))),0),0) -> 0 | AH14: 0 | AI14: =IFERROR(IF(H14=1,IF(盤查結果!$F$6="IPCC第二次評估報告（1995）",VLOOKUP(K14,'Factor Table 1'!$D$172:$P$172,9,FALSE),IF(盤查結果!$F$6="IPCC第三次評估報告(2001)",VLOOKUP(K14,'Factor Table 1'!$D$172:$P$172,10,FALSE),IF(盤查結果!$F$6="IPCC第四次評估報告(2007)",VLOOKUP(K14,'Factor Table 1'!$D$172:$P$172,11,FALSE),IF(盤查結果!$F$6="IPCC第五次評估報告(2013)",VLOOKUP(K14,'Factor Table 1'!$D$172:$P$172,12,FALSE),IF(盤查結果!$F$6="IPCC第六次評估報告(2021)",VLOOKUP(K14,'Factor Table 1'!$D$172:$P$172,13,FALSE),0))))),0),0) -> 0 | AJ14: =IFERROR(IF(H14=1,IF(盤查結果!$F$6="IPCC第二次評估報告（1995）",VLOOKUP(K14,'Factor Table 1'!$D$171:$P$171,9,FALSE),IF(盤查結果!$F$6="IPCC第三次評估報告(2001)",VLOOKUP(K14,'Factor Table 1'!$D$171:$P$171,10,FALSE),IF(盤查結果!$F$6="IPCC第四次評估報告(2007)",VLOOKUP(K14,'Factor Table 1'!$D$171:$P$171,11,FALSE),IF(盤查結果!$F$6="IPCC第五次評估報告(2013)",VLOOKUP(K14,'Factor Table 1'!$D$171:$P$171,12,FALSE),IF(盤查結果!$F$6="IPCC第六次評估報告(2021)",VLOOKUP(K14,'Factor Table 1'!$D$171:$P$171,13,FALSE),0))))),0),0) -> 0 | AK14: =$L14*V14*AD14 -> 0 | AL14: =$L14*W14*AE14 -> 0 | AM14: =$L14*X14*AF14 -> 0 | AN14: =$L14*Y14*AG14 -> 0 | AO14: =$L14*Z14*AH14 -> 0 | AP14: =$L14*AA14*AI14 -> 0 | AQ14: =$L14*AB14*AJ14 -> 0 | AR14: =ROUND(SUM(AK14:AQ14),4) -> 0 | AS14: =AR14/($D$3+$Y$57+$Y$63) -> 0 | AT14: =AS14/($D$3+$D$55) -> 0
G15: =IF(K15<>"","固定燃燒","") | H15: =IF(K15<>"",1,"") | O15: =IF(V15>0.0000000001,"V","") | P15: =IF(W15>0.0000000001,"V","") | Q15: =IF(X15>0.0000000001,"V","") | R15: =IF(Y15>0.0000000001,"V","") | S15: =IF(Z15>0.0000000001,"V","") | T15: =IF(AA15>0.0000000001,"V","") | U15: =IF(AB15>0.0000000001,"V","") | V15: =IFERROR(ROUND(VLOOKUP($K15,'Factor Table 1'!$D$3:$AD$60,11,FALSE),10),0) -> 0 | W15: =IFERROR(ROUND(VLOOKUP($K15,'Factor Table 1'!$D$3:$AD$60,13,FALSE),10),0) -> 0 | X15: =IFERROR(ROUND(VLOOKUP($K15,'Factor Table 1'!$D$3:$AD$60,15,FALSE),10),0) -> 0 | Y15: =IFERROR(IF(OR(K15="CO2",K15="CH4",K15="N2O"),ROUND(VLOOKUP($K15,'Factor Table 1'!$D$3:$AD$69,17,FALSE),10),IFERROR(ROUND(VLOOKUP(J15,'Factor Table 1'!$C$3:$AD$69,18,FALSE),10),ROUND(VLOOKUP(K15,'Factor Table 1'!$D$3:$AD$69,17,FALSE),10))),0) -> 0 | Z15: 0 | AA15: =IFERROR(IF(K15="SF6",1,0),0) -> 0 | AB15: =IFERROR(IF(K15="NF3",1,0),0) -> 0 | AC15: =IFERROR(IF(OR(K15="CO2",K15="CH4",K15="N2O"),VLOOKUP($K15,'Factor Table 1'!$D$3:$AD$69,19,FALSE),IFERROR(VLOOKUP(J15,'Factor Table 1'!$C$3:$AD$69,20,FALSE),VLOOKUP(K15,'Factor Table 1'!$D$3:$AD$69,19,FALSE))),"") | AD15: =IF(H15=1,1,0) -> 0 | AE15: =IF(H15=1,IF(盤查結果!$F$6="IPCC第二次評估報告（1995）",'Factor Table 1'!$L$75,IF(盤查結果!$F$6="IPCC第三次評估報告(2001)",'Factor Table 1'!$M$75,IF(盤查結果!$F$6="IPCC第四次評估報告(2007)",'Factor Table 1'!$N$75,IF(盤查結果!$F$6="IPCC第五次評估報告(2013)",'Factor Table 1'!$O$75,IF(盤查結果!$F$6="IPCC第六次評估報告(2021)",'Factor Table 1'!$P$75,0))))),0) -> 0 | AF15: =IF(H15=1,IF(盤查結果!$F$6="IPCC第二次評估報告（1995）",'Factor Table 1'!$L$76,IF(盤查結果!$F$6="IPCC第三次評估報告(2001)",'Factor Table 1'!$M$76,IF(盤查結果!$F$6="IPCC第四次評估報告(2007)",'Factor Table 1'!$N$76,IF(盤查結果!$F$6="IPCC第五次評估報告(2013)",'Factor Table 1'!$O$76,IF(盤查結果!$F$6="IPCC第六次評估報告(2021)",'Factor Table 1'!$P$76,0))))),0) -> 0 | AG15: =IFERROR(IF(H15=1,IF(盤查結果!$F$6="IPCC第二次評估報告（1995）",VLOOKUP(K15,'Factor Table 1'!$D$75:$P$169,9,FALSE),IF(盤查結果!$F$6="IPCC第三次評估報告(2001)",VLOOKUP(K15,'Factor Table 1'!$D$75:$P$169,10,FALSE),IF(盤查結果!$F$6="IPCC第四次評估報告(2007)",VLOOKUP(K15,'Factor Table 1'!$D$75:$P$169,11,FALSE),IF(盤查結果!$F$6="IPCC第五次評估報告(2013)",VLOOKUP(K15,'Factor Table 1'!$D$75:$P$169,12,FALSE),IF(盤查結果!$F$6="IPCC第六次評估報告(2021)",VLOOKUP(K15,'Factor Table 1'!$D$75:$P$169,13,FALSE),0))))),0),0) -> 0 | AH15: 0 | AI15: =IFERROR(IF(H15=1,IF(盤查結果!$F$6="IPCC第二次評估報告（1995）",VLOOKUP(K15,'Factor Table 1'!$D$172:$P$172,9,FALSE),IF(盤查結果!$F$6="IPCC第三次評估報告(2001)",VLOOKUP(K15,'Factor Table 1'!$D$172:$P$172,10,FALSE),IF(盤查結果!$F$6="IPCC第四次評估報告(2007)",VLOOKUP(K15,'Factor Table 1'!$D$172:$P$172,11,FALSE),IF(盤查結果!$F$6="IPCC第五次評估報告(2013)",VLOOKUP(K15,'Factor Table 1'!$D$172:$P$172,12,FALSE),IF(盤查結果!$F$6="IPCC第六次評估報告(2021)",VLOOKUP(K15,'Factor Table 1'!$D$172:$P$172,13,FALSE),0))))),0),0) -> 0 | AJ15: =IFERROR(IF(H15=1,IF(盤查結果!$F$6="IPCC第二次評估報告（1995）",VLOOKUP(K15,'Factor Table 1'!$D$171:$P$171,9,FALSE),IF(盤查結果!$F$6="IPCC第三次評估報告(2001)",VLOOKUP(K15,'Factor Table 1'!$D$171:$P$171,10,FALSE),IF(盤查結果!$F$6="IPCC第四次評估報告(2007)",VLOOKUP(K15,'Factor Table 1'!$D$171:$P$171,11,FALSE),IF(盤查結果!$F$6="IPCC第五次評估報告(2013)",VLOOKUP(K15,'Factor Table 1'!$D$171:$P$171,12,FALSE),IF(盤查結果!$F$6="IPCC第六次評估報告(2021)",VLOOKUP(K15,'Factor Table 1'!$D$171:$P$171,13,FALSE),0))))),0),0) -> 0 | AK15: =$L15*V15*AD15 -> 0 | AL15: =$L15*W15*AE15 -> 0 | AM15: =$L15*X15*AF15 -> 0 | AN15: =$L15*Y15*AG15 -> 0 | AO15: =$L15*Z15*AH15 -> 0 | AP15: =$L15*AA15*AI15 -> 0 | AQ15: =$L15*AB15*AJ15 -> 0 | AR15: =ROUND(SUM(AK15:AQ15),4) -> 0 | AS15: =AR15/($D$3+$Y$57+$Y$63) -> 0 | AT15: =AS15/($D$3+$D$55) -> 0
B16: 1.2 | C16: 移動燃燒直接排放 | G16: =IF(K16<>"","移動燃燒","") | H16: =IF(K16<>"",1,"") | I16: =IF(COUNTA(K16:K22)>0,"有","無") -> 無 | O16: =IF(V16>0.0000000001,"V","") | P16: =IF(W16>0.0000000001,"V","") | Q16: =IF(X16>0.0000000001,"V","") | R16: =IF(Y16>0.0000000001,"V","") | S16: =IF(Z16>0.0000000001,"V","") | T16: =IF(AA16>0.0000000001,"V","") | U16: =IF(AB16>0.0000000001,"V","") | V16: =IFERROR(ROUND(VLOOKUP($K16,'Factor Table 1'!$D$3:$AD$60,11,FALSE),10),0) -> 0 | W16: =IFERROR(ROUND(VLOOKUP($K16,'Factor Table 1'!$D$3:$AD$60,13,FALSE),10),0) -> 0 | X16: =IFERROR(ROUND(VLOOKUP($K16,'Factor Table 1'!$D$3:$AD$60,15,FALSE),10),0) -> 0 | Y16: =IFERROR(IF(OR(K16="CO2",K16="CH4",K16="N2O"),ROUND(VLOOKUP($K16,'Factor Table 1'!$D$3:$AD$69,17,FALSE),10),IFERROR(ROUND(VLOOKUP(J16,'Factor Table 1'!$C$3:$AD$69,18,FALSE),10),ROUND(VLOOKUP(K16,'Factor Table 1'!$D$3:$AD$69,17,FALSE),10))),0) -> 0 | Z16: 0 | AA16: =IFERROR(IF(K16="SF6",1,0),0) -> 0 | AB16: =IFERROR(IF(K16="NF3",1,0),0) -> 0 | AC16: =IFERROR(IF(OR(K16="CO2",K16="CH4",K16="N2O"),VLOOKUP($K16,'Factor Table 1'!$D$3:$AD$69,19,FALSE),IFERROR(VLOOKUP(J16,'Factor Table 1'!$C$3:$AD$69,20,FALSE),VLOOKUP(K16,'Factor Table 1'!$D$3:$AD$69,19,FALSE))),"") | AD16: =IF(H16=1,1,0) -> 0 | AE16: =IF(H16=1,IF(盤查結果!$F$6="IPCC第二次評估報告（1995）",'Factor Table 1'!$L$75,IF(盤查結果!$F$6="IPCC第三次評估報告(2001)",'Factor Table 1'!$M$75,IF(盤查結果!$F$6="IPCC第四次評估報告(2007)",'Factor Table 1'!$N$75,IF(盤查結果!$F$6="IPCC第五次評估報告(2013)",'Factor Table 1'!$O$75,IF(盤查結果!$F$6="IPCC第六次評估報告(2021)",'Factor Table 1'!$P$75,0))))),0) -> 0 | AF16: =IF(H16=1,IF(盤查結果!$F$6="IPCC第二次評估報告（1995）",'Factor Table 1'!$L$76,IF(盤查結果!$F$6="IPCC第三次評估報告(2001)",'Factor Table 1'!$M$76,IF(盤查結果!$F$6="IPCC第四次評估報告(2007)",'Factor Table 1'!$N$76,IF(盤查結果!$F$6="IPCC第五次評估報告(2013)",'Factor Table 1'!$O$76,IF(盤查結果!$F$6="IPCC第六次評估報告(2021)",'Factor Table 1'!$P$76,0))))),0) -> 0 | AG16: =IFERROR(IF(H16=1,IF(盤查結果!$F$6="IPCC第二次評估報告（1995）",VLOOKUP(K16,'Factor Table 1'!$D$75:$P$169,9,FALSE),IF(盤查結果!$F$6="IPCC第三次評估報告(2001)",VLOOKUP(K16,'Factor Table 1'!$D$75:$P$169,10,FALSE),IF(盤查結果!$F$6="IPCC第四次評估報告(2007)",VLOOKUP(K16,'Factor Table 1'!$D$75:$P$169,11,FALSE),IF(盤查結果!$F$6="IPCC第五次評估報告(2013)",VLOOKUP(K16,'Factor Table 1'!$D$75:$P$169,12,FALSE),IF(盤查結果!$F$6="IPCC第六次評估報告(2021)",VLOOKUP(K16,'Factor Table 1'!$D$75:$P$169,13,FALSE),0))))),0),0) -> 0 | AH16: 0 | AI16: =IFERROR(IF(H16=1,IF(盤查結果!$F$6="IPCC第二次評估報告（1995）",VLOOKUP(K16,'Factor Table 1'!$D$172:$P$172,9,FALSE),IF(盤查結果!$F$6="IPCC第三次評估報告(2001)",VLOOKUP(K16,'Factor Table 1'!$D$172:$P$172,10,FALSE),IF(盤查結果!$F$6="IPCC第四次評估報告(2007)",VLOOKUP(K16,'Factor Table 1'!$D$172:$P$172,11,FALSE),IF(盤查結果!$F$6="IPCC第五次評估報告(2013)",VLOOKUP(K16,'Factor Table 1'!$D$172:$P$172,12,FALSE),IF(盤查結果!$F$6="IPCC第六次評估報告(2021)",VLOOKUP(K16,'Factor Table 1'!$D$172:$P$172,13,FALSE),0))))),0),0) -> 0 | AJ16: =IFERROR(IF(H16=1,IF(盤查結果!$F$6="IPCC第二次評估報告（1995）",VLOOKUP(K16,'Factor Table 1'!$D$171:$P$171,9,FALSE),IF(盤查結果!$F$6="IPCC第三次評估報告(2001)",VLOOKUP(K16,'Factor Table 1'!$D$171:$P$171,10,FALSE),IF(盤查結果!$F$6="IPCC第四次評估報告(2007)",VLOOKUP(K16,'Factor Table 1'!$D$171:$P$171,11,FALSE),IF(盤查結果!$F$6="IPCC第五次評估報告(2013)",VLOOKUP(K16,'Factor Table 1'!$D$171:$P$171,12,FALSE),IF(盤查結果!$F$6="IPCC第六次評估報告(2021)",VLOOKUP(K16,'Factor Table 1'!$D$171:$P$171,13,FALSE),0))))),0),0) -> 0 | AK16: =$L16*V16*AD16 -> 0 | AL16: =$L16*W16*AE16 -> 0 | AM16: =$L16*X16*AF16 -> 0 | AN16: =$L16*Y16*AG16 -> 0 | AO16: =$L16*Z16*AH16 -> 0 | AP16: =$L16*AA16*AI16 -> 0 | AQ16: =$L16*AB16*AJ16 -> 0 | AR16: =ROUND(SUM(AK16:AQ16),4) -> 0 | AS16: =AR16/($D$3+$Y$57+$Y$63) -> 0 | AT16: =AS16/($D$3+$D$55) -> 0
G17: =IF(K17<>"","移動燃燒","") | H17: =IF(K17<>"",1,"") | O17: =IF(V17>0.0000000001,"V","") | P17: =IF(W17>0.0000000001,"V","") | Q17: =IF(X17>0.0000000001,"V","") | R17: =IF(Y17>0.0000000001,"V","") | S17: =IF(Z17>0.0000000001,"V","") | T17: =IF(AA17>0.0000000001,"V","") | U17: =IF(AB17>0.0000000001,"V","") | V17: =IFERROR(ROUND(VLOOKUP($K17,'Factor Table 1'!$D$3:$AD$60,11,FALSE),10),0) -> 0 | W17: =IFERROR(ROUND(VLOOKUP($K17,'Factor Table 1'!$D$3:$AD$60,13,FALSE),10),0) -> 0 | X17: =IFERROR(ROUND(VLOOKUP($K17,'Factor Table 1'!$D$3:$AD$60,15,FALSE),10),0) -> 0 | Y17: =IFERROR(IF(OR(K17="CO2",K17="CH4",K17="N2O"),ROUND(VLOOKUP($K17,'Factor Table 1'!$D$3:$AD$69,17,FALSE),10),IFERROR(ROUND(VLOOKUP(J17,'Factor Table 1'!$C$3:$AD$69,18,FALSE),10),ROUND(VLOOKUP(K17,'Factor Table 1'!$D$3:$AD$69,17,FALSE),10))),0) -> 0 | Z17: 0 | AA17: =IFERROR(IF(K17="SF6",1,0),0) -> 0 | AB17: =IFERROR(IF(K17="NF3",1,0),0) -> 0 | AC17: =IFERROR(IF(OR(K17="CO2",K17="CH4",K17="N2O"),VLOOKUP($K17,'Factor Table 1'!$D$3:$AD$69,19,FALSE),IFERROR(VLOOKUP(J17,'Factor Table 1'!$C$3:$AD$69,20,FALSE),VLOOKUP(K17,'Factor Table 1'!$D$3:$AD$69,19,FALSE))),"") | AD17: =IF(H17=1,1,0) -> 0 | AE17: =IF(H17=1,IF(盤查結果!$F$6="IPCC第二次評估報告（1995）",'Factor Table 1'!$L$75,IF(盤查結果!$F$6="IPCC第三次評估報告(2001)",'Factor Table 1'!$M$75,IF(盤查結果!$F$6="IPCC第四次評估報告(2007)",'Factor Table 1'!$N$75,IF(盤查結果!$F$6="IPCC第五次評估報告(2013)",'Factor Table 1'!$O$75,IF(盤查結果!$F$6="IPCC第六次評估報告(2021)",'Factor Table 1'!$P$75,0))))),0) -> 0 | AF17: =IF(H17=1,IF(盤查結果!$F$6="IPCC第二次評估報告（1995）",'Factor Table 1'!$L$76,IF(盤查結果!$F$6="IPCC第三次評估報告(2001)",'Factor Table 1'!$M$76,IF(盤查結果!$F$6="IPCC第四次評估報告(2007)",'Factor Table 1'!$N$76,IF(盤查結果!$F$6="IPCC第五次評估報告(2013)",'Factor Table 1'!$O$76,IF(盤查結果!$F$6="IPCC第六次評估報告(2021)",'Factor Table 1'!$P$76,0))))),0) -> 0 | AG17: =IFERROR(IF(H17=1,IF(盤查結果!$F$6="IPCC第二次評估報告（1995）",VLOOKUP(K17,'Factor Table 1'!$D$75:$P$169,9,FALSE),IF(盤查結果!$F$6="IPCC第三次評估報告(2001)",VLOOKUP(K17,'Factor Table 1'!$D$75:$P$169,10,FALSE),IF(盤查結果!$F$6="IPCC第四次評估報告(2007)",VLOOKUP(K17,'Factor Table 1'!$D$75:$P$169,11,FALSE),IF(盤查結果!$F$6="IPCC第五次評估報告(2013)",VLOOKUP(K17,'Factor Table 1'!$D$75:$P$169,12,FALSE),IF(盤查結果!$F$6="IPCC第六次評估報告(2021)",VLOOKUP(K17,'Factor Table 1'!$D$75:$P$169,13,FALSE),0))))),0),0) -> 0 | AH17: 0 | AI17: =IFERROR(IF(H17=1,IF(盤查結果!$F$6="IPCC第二次評估報告（1995）",VLOOKUP(K17,'Factor Table 1'!$D$172:$P$172,9,FALSE),IF(盤查結果!$F$6="IPCC第三次評估報告(2001)",VLOOKUP(K17,'Factor Table 1'!$D$172:$P$172,10,FALSE),IF(盤查結果!$F$6="IPCC第四次評估報告(2007)",VLOOKUP(K17,'Factor Table 1'!$D$172:$P$172,11,FALSE),IF(盤查結果!$F$6="IPCC第五次評估報告(2013)",VLOOKUP(K17,'Factor Table 1'!$D$172:$P$172,12,FALSE),IF(盤查結果!$F$6="IPCC第六次評估報告(2021)",VLOOKUP(K17,'Factor Table 1'!$D$172:$P$172,13,FALSE),0))))),0),0) -> 0 | AJ17: =IFERROR(IF(H17=1,IF(盤查結果!$F$6="IPCC第二次評估報告（1995）",VLOOKUP(K17,'Factor Table 1'!$D$171:$P$171,9,FALSE),IF(盤查結果!$F$6="IPCC第三次評估報告(2001)",VLOOKUP(K17,'Factor Table 1'!$D$171:$P$171,10,FALSE),IF(盤查結果!$F$6="IPCC第四次評估報告(2007)",VLOOKUP(K17,'Factor Table 1'!$D$171:$P$171,11,FALSE),IF(盤查結果!$F$6="IPCC第五次評估報告(2013)",VLOOKUP(K17,'Factor Table 1'!$D$171:$P$171,12,FALSE),IF(盤查結果!$F$6="IPCC第六次評估報告(2021)",VLOOKUP(K17,'Factor Table 1'!$D$171:$P$171,13,FALSE),0))))),0),0) -> 0 | AK17: =$L17*V17*AD17 -> 0 | AL17: =$L17*W17*AE17 -> 0 | AM17: =$L17*X17*AF17 -> 0 | AN17: =$L17*Y17*AG17 -> 0 | AO17: =$L17*Z17*AH17 -> 0 | AP17: =$L17*AA17*AI17 -> 0 | AQ17: =$L17*AB17*AJ17 -> 0 | AR17: =ROUND(SUM(AK17:AQ17),4) -> 0 | AS17: =AR17/($D$3+$Y$57+$Y$63) -> 0 | AT17: =AS17/($D$3+$D$55) -> 0
G18: =IF(K18<>"","移動燃燒","") | H18: =IF(K18<>"",1,"") | O18: =IF(V18>0.0000000001,"V","") | P18: =IF(W18>0.0000000001,"V","") | Q18: =IF(X18>0.0000000001,"V","") | R18: =IF(Y18>0.0000000001,"V","") | S18: =IF(Z18>0.0000000001,"V","") | T18: =IF(AA18>0.0000000001,"V","") | U18: =IF(AB18>0.0000000001,"V","") | V18: =IFERROR(ROUND(VLOOKUP($K18,'Factor Table 1'!$D$3:$AD$60,11,FALSE),10),0) -> 0 | W18: =IFERROR(ROUND(VLOOKUP($K18,'Factor Table 1'!$D$3:$AD$60,13,FALSE),10),0) -> 0 | X18: =IFERROR(ROUND(VLOOKUP($K18,'Factor Table 1'!$D$3:$AD$60,15,FALSE),10),0) -> 0 | Y18: =IFERROR(IF(OR(K18="CO2",K18="CH4",K18="N2O"),ROUND(VLOOKUP($K18,'Factor Table 1'!$D$3:$AD$69,17,FALSE),10),IFERROR(ROUND(VLOOKUP(J18,'Factor Table 1'!$C$3:$AD$69,18,FALSE),10),ROUND(VLOOKUP(K18,'Factor Table 1'!$D$3:$AD$69,17,FALSE),10))),0) -> 0 | Z18: 0 | AA18: =IFERROR(IF(K18="SF6",1,0),0) -> 0 | AB18: =IFERROR(IF(K18="NF3",1,0),0) -> 0 | AC18: =IFERROR(IF(OR(K18="CO2",K18="CH4",K18="N2O"),VLOOKUP($K18,'Factor Table 1'!$D$3:$AD$69,19,FALSE),IFERROR(VLOOKUP(J18,'Factor Table 1'!$C$3:$AD$69,20,FALSE),VLOOKUP(K18,'Factor Table 1'!$D$3:$AD$69,19,FALSE))),"") | AD18: =IF(H18=1,1,0) -> 0 | AE18: =IF(H18=1,IF(盤查結果!$F$6="IPCC第二次評估報告（1995）",'Factor Table 1'!$L$75,IF(盤查結果!$F$6="IPCC第三次評估報告(2001)",'Factor Table 1'!$M$75,IF(盤查結果!$F$6="IPCC第四次評估報告(2007)",'Factor Table 1'!$N$75,IF(盤查結果!$F$6="IPCC第五次評估報告(2013)",'Factor Table 1'!$O$75,IF(盤查結果!$F$6="IPCC第六次評估報告(2021)",'Factor Table 1'!$P$75,0))))),0) -> 0 | AF18: =IF(H18=1,IF(盤查結果!$F$6="IPCC第二次評估報告（1995）",'Factor Table 1'!$L$76,IF(盤查結果!$F$6="IPCC第三次評估報告(2001)",'Factor Table 1'!$M$76,IF(盤查結果!$F$6="IPCC第四次評估報告(2007)",'Factor Table 1'!$N$76,IF(盤查結果!$F$6="IPCC第五次評估報告(2013)",'Factor Table 1'!$O$76,IF(盤查結果!$F$6="IPCC第六次評估報告(2021)",'Factor Table 1'!$P$76,0))))),0) -> 0 | AG18: =IFERROR(IF(H18=1,IF(盤查結果!$F$6="IPCC第二次評估報告（1995）",VLOOKUP(K18,'Factor Table 1'!$D$75:$P$169,9,FALSE),IF(盤查結果!$F$6="IPCC第三次評估報告(2001)",VLOOKUP(K18,'Factor Table 1'!$D$75:$P$169,10,FALSE),IF(盤查結果!$F$6="IPCC第四次評估報告(2007)",VLOOKUP(K18,'Factor Table 1'!$D$75:$P$169,11,FALSE),IF(盤查結果!$F$6="IPCC第五次評估報告(2013)",VLOOKUP(K18,'Factor Table 1'!$D$75:$P$169,12,FALSE),IF(盤查結果!$F$6="IPCC第六次評估報告(2021)",VLOOKUP(K18,'Factor Table 1'!$D$75:$P$169,13,FALSE),0))))),0),0) -> 0 | AH18: 0 | AI18: =IFERROR(IF(H18=1,IF(盤查結果!$F$6="IPCC第二次評估報告（1995）",VLOOKUP(K18,'Factor Table 1'!$D$172:$P$172,9,FALSE),IF(盤查結果!$F$6="IPCC第三次評估報告(2001)",VLOOKUP(K18,'Factor Table 1'!$D$172:$P$172,10,FALSE),IF(盤查結果!$F$6="IPCC第四次評估報告(2007)",VLOOKUP(K18,'Factor Table 1'!$D$172:$P$172,11,FALSE),IF(盤查結果!$F$6="IPCC第五次評估報告(2013)",VLOOKUP(K18,'Factor Table 1'!$D$172:$P$172,12,FALSE),IF(盤查結果!$F$6="IPCC第六次評估報告(2021)",VLOOKUP(K18,'Factor Table 1'!$D$172:$P$172,13,FALSE),0))))),0),0) -> 0 | AJ18: =IFERROR(IF(H18=1,IF(盤查結果!$F$6="IPCC第二次評估報告（1995）",VLOOKUP(K18,'Factor Table 1'!$D$171:$P$171,9,FALSE),IF(盤查結果!$F$6="IPCC第三次評估報告(2001)",VLOOKUP(K18,'Factor Table 1'!$D$171:$P$171,10,FALSE),IF(盤查結果!$F$6="IPCC第四次評估報告(2007)",VLOOKUP(K18,'Factor Table 1'!$D$171:$P$171,11,FALSE),IF(盤查結果!$F$6="IPCC第五次評估報告(2013)",VLOOKUP(K18,'Factor Table 1'!$D$171:$P$171,12,FALSE),IF(盤查結果!$F$6="IPCC第六次評估報告(2021)",VLOOKUP(K18,'Factor Table 1'!$D$171:$P$171,13,FALSE),0))))),0),0) -> 0 | AK18: =$L18*V18*AD18 -> 0 | AL18: =$L18*W18*AE18 -> 0 | AM18: =$L18*X18*AF18 -> 0 | AN18: =$L18*Y18*AG18 -> 0 | AO18: =$L18*Z18*AH18 -> 0 | AP18: =$L18*AA18*AI18 -> 0 | AQ18: =$L18*AB18*AJ18 -> 0 | AR18: =ROUND(SUM(AK18:AQ18),4) -> 0 | AS18: =AR18/($D$3+$Y$57+$Y$63) -> 0 | AT18: =AS18/($D$3+$D$55) -> 0
G19: =IF(K19<>"","移動燃燒","") | H19: =IF(K19<>"",1,"") | O19: =IF(V19>0.0000000001,"V","") | P19: =IF(W19>0.0000000001,"V","") | Q19: =IF(X19>0.0000000001,"V","") | R19: =IF(Y19>0.0000000001,"V","") | S19: =IF(Z19>0.0000000001,"V","") | T19: =IF(AA19>0.0000000001,"V","") | U19: =IF(AB19>0.0000000001,"V","") | V19: =IFERROR(ROUND(VLOOKUP($K19,'Factor Table 1'!$D$3:$AD$60,11,FALSE),10),0) -> 0 | W19: =IFERROR(ROUND(VLOOKUP($K19,'Factor Table 1'!$D$3:$AD$60,13,FALSE),10),0) -> 0 | X19: =IFERROR(ROUND(VLOOKUP($K19,'Factor Table 1'!$D$3:$AD$60,15,FALSE),10),0) -> 0 | Y19: =IFERROR(IF(OR(K19="CO2",K19="CH4",K19="N2O"),ROUND(VLOOKUP($K19,'Factor Table 1'!$D$3:$AD$69,17,FALSE),10),IFERROR(ROUND(VLOOKUP(J19,'Factor Table 1'!$C$3:$AD$69,18,FALSE),10),ROUND(VLOOKUP(K19,'Factor Table 1'!$D$3:$AD$69,17,FALSE),10))),0) -> 0 | Z19: 0 | AA19: =IFERROR(IF(K19="SF6",1,0),0) -> 0 | AB19: =IFERROR(IF(K19="NF3",1,0),0) -> 0 | AC19: =IFERROR(IF(OR(K19="CO2",K19="CH4",K19="N2O"),VLOOKUP($K19,'Factor Table 1'!$D$3:$AD$69,19,FALSE),IFERROR(VLOOKUP(J19,'Factor Table 1'!$C$3:$AD$69,20,FALSE),VLOOKUP(K19,'Factor Table 1'!$D$3:$AD$69,19,FALSE))),"") | AD19: =IF(H19=1,1,0) -> 0 | AE19: =IF(H19=1,IF(盤查結果!$F$6="IPCC第二次評估報告（1995）",'Factor Table 1'!$L$75,IF(盤查結果!$F$6="IPCC第三次評估報告(2001)",'Factor Table 1'!$M$75,IF(盤查結果!$F$6="IPCC第四次評估報告(2007)",'Factor Table 1'!$N$75,IF(盤查結果!$F$6="IPCC第五次評估報告(2013)",'Factor Table 1'!$O$75,IF(盤查結果!$F$6="IPCC第六次評估報告(2021)",'Factor Table 1'!$P$75,0))))),0) -> 0 | AF19: =IF(H19=1,IF(盤查結果!$F$6="IPCC第二次評估報告（1995）",'Factor Table 1'!$L$76,IF(盤查結果!$F$6="IPCC第三次評估報告(2001)",'Factor Table 1'!$M$76,IF(盤查結果!$F$6="IPCC第四次評估報告(2007)",'Factor Table 1'!$N$76,IF(盤查結果!$F$6="IPCC第五次評估報告(2013)",'Factor Table 1'!$O$76,IF(盤查結果!$F$6="IPCC第六次評估報告(2021)",'Factor Table 1'!$P$76,0))))),0) -> 0 | AG19: =IFERROR(IF(H19=1,IF(盤查結果!$F$6="IPCC第二次評估報告（1995）",VLOOKUP(K19,'Factor Table 1'!$D$75:$P$169,9,FALSE),IF(盤查結果!$F$6="IPCC第三次評估報告(2001)",VLOOKUP(K19,'Factor Table 1'!$D$75:$P$169,10,FALSE),IF(盤查結果!$F$6="IPCC第四次評估報告(2007)",VLOOKUP(K19,'Factor Table 1'!$D$75:$P$169,11,FALSE),IF(盤查結果!$F$6="IPCC第五次評估報告(2013)",VLOOKUP(K19,'Factor Table 1'!$D$75:$P$169,12,FALSE),IF(盤查結果!$F$6="IPCC第六次評估報告(2021)",VLOOKUP(K19,'Factor Table 1'!$D$75:$P$169,13,FALSE),0))))),0),0) -> 0 | AH19: 0 | AI19: =IFERROR(IF(H19=1,IF(盤查結果!$F$6="IPCC第二次評估報告（1995）",VLOOKUP(K19,'Factor Table 1'!$D$172:$P$172,9,FALSE),IF(盤查結果!$F$6="IPCC第三次評估報告(2001)",VLOOKUP(K19,'Factor Table 1'!$D$172:$P$172,10,FALSE),IF(盤查結果!$F$6="IPCC第四次評估報告(2007)",VLOOKUP(K19,'Factor Table 1'!$D$172:$P$172,11,FALSE),IF(盤查結果!$F$6="IPCC第五次評估報告(2013)",VLOOKUP(K19,'Factor Table 1'!$D$172:$P$172,12,FALSE),IF(盤查結果!$F$6="IPCC第六次評估報告(2021)",VLOOKUP(K19,'Factor Table 1'!$D$172:$P$172,13,FALSE),0))))),0),0) -> 0 | AJ19: =IFERROR(IF(H19=1,IF(盤查結果!$F$6="IPCC第二次評估報告（1995）",VLOOKUP(K19,'Factor Table 1'!$D$171:$P$171,9,FALSE),IF(盤查結果!$F$6="IPCC第三次評估報告(2001)",VLOOKUP(K19,'Factor Table 1'!$D$171:$P$171,10,FALSE),IF(盤查結果!$F$6="IPCC第四次評估報告(2007)",VLOOKUP(K19,'Factor Table 1'!$D$171:$P$171,11,FALSE),IF(盤查結果!$F$6="IPCC第五次評估報告(2013)",VLOOKUP(K19,'Factor Table 1'!$D$171:$P$171,12,FALSE),IF(盤查結果!$F$6="IPCC第六次評估報告(2021)",VLOOKUP(K19,'Factor Table 1'!$D$171:$P$171,13,FALSE),0))))),0),0) -> 0 | AK19: =$L19*V19*AD19 -> 0 | AL19: =$L19*W19*AE19 -> 0 | AM19: =$L19*X19*AF19 -> 0 | AN19: =$L19*Y19*AG19 -> 0 | AO19: =$L19*Z19*AH19 -> 0 | AP19: =$L19*AA19*AI19 -> 0 | AQ19: =$L19*AB19*AJ19 -> 0 | AR19: =ROUND(SUM(AK19:AQ19),4) -> 0 | AS19: =AR19/($D$3+$Y$57+$Y$63) -> 0 | AT19: =AS19/($D$3+$D$55) -> 0
G20: =IF(K20<>"","移動燃燒","") | H20: =IF(K20<>"",1,"") | O20: =IF(V20>0.0000000001,"V","") | P20: =IF(W20>0.0000000001,"V","") | Q20: =IF(X20>0.0000000001,"V","") | R20: =IF(Y20>0.0000000001,"V","") | S20: =IF(Z20>0.0000000001,"V","") | T20: =IF(AA20>0.0000000001,"V","") | U20: =IF(AB20>0.0000000001,"V","") | V20: =IFERROR(ROUND(VLOOKUP($K20,'Factor Table 1'!$D$3:$AD$60,11,FALSE),10),0) -> 0 | W20: =IFERROR(ROUND(VLOOKUP($K20,'Factor Table 1'!$D$3:$AD$60,13,FALSE),10),0) -> 0 | X20: =IFERROR(ROUND(VLOOKUP($K20,'Factor Table 1'!$D$3:$AD$60,15,FALSE),10),0) -> 0 | Y20: =IFERROR(IF(OR(K20="CO2",K20="CH4",K20="N2O"),ROUND(VLOOKUP($K20,'Factor Table 1'!$D$3:$AD$69,17,FALSE),10),IFERROR(ROUND(VLOOKUP(J20,'Factor Table 1'!$C$3:$AD$69,18,FALSE),10),ROUND(VLOOKUP(K20,'Factor Table 1'!$D$3:$AD$69,17,FALSE),10))),0) -> 0 | Z20: 0 | AA20: =IFERROR(IF(K20="SF6",1,0),0) -> 0 | AB20: =IFERROR(IF(K20="NF3",1,0),0) -> 0 | AC20: =IFERROR(IF(OR(K20="CO2",K20="CH4",K20="N2O"),VLOOKUP($K20,'Factor Table 1'!$D$3:$AD$69,19,FALSE),IFERROR(VLOOKUP(J20,'Factor Table 1'!$C$3:$AD$69,20,FALSE),VLOOKUP(K20,'Factor Table 1'!$D$3:$AD$69,19,FALSE))),"") | AD20: =IF(H20=1,1,0) -> 0 | AE20: =IF(H20=1,IF(盤查結果!$F$6="IPCC第二次評估報告（1995）",'Factor Table 1'!$L$75,IF(盤查結果!$F$6="IPCC第三次評估報告(2001)",'Factor Table 1'!$M$75,IF(盤查結果!$F$6="IPCC第四次評估報告(2007)",'Factor Table 1'!$N$75,IF(盤查結果!$F$6="IPCC第五次評估報告(2013)",'Factor Table 1'!$O$75,IF(盤查結果!$F$6="IPCC第六次評估報告(2021)",'Factor Table 1'!$P$75,0))))),0) -> 0 | AF20: =IF(H20=1,IF(盤查結果!$F$6="IPCC第二次評估報告（1995）",'Factor Table 1'!$L$76,IF(盤查結果!$F$6="IPCC第三次評估報告(2001)",'Factor Table 1'!$M$76,IF(盤查結果!$F$6="IPCC第四次評估報告(2007)",'Factor Table 1'!$N$76,IF(盤查結果!$F$6="IPCC第五次評估報告(2013)",'Factor Table 1'!$O$76,IF(盤查結果!$F$6="IPCC第六次評估報告(2021)",'Factor Table 1'!$P$76,0))))),0) -> 0 | AG20: =IFERROR(IF(H20=1,IF(盤查結果!$F$6="IPCC第二次評估報告（1995）",VLOOKUP(K20,'Factor Table 1'!$D$75:$P$169,9,FALSE),IF(盤查結果!$F$6="IPCC第三次評估報告(2001)",VLOOKUP(K20,'Factor Table 1'!$D$75:$P$169,10,FALSE),IF(盤查結果!$F$6="IPCC第四次評估報告(2007)",VLOOKUP(K20,'Factor Table 1'!$D$75:$P$169,11,FALSE),IF(盤查結果!$F$6="IPCC第五次評估報告(2013)",VLOOKUP(K20,'Factor Table 1'!$D$75:$P$169,12,FALSE),IF(盤查結果!$F$6="IPCC第六次評估報告(2021)",VLOOKUP(K20,'Factor Table 1'!$D$75:$P$169,13,FALSE),0))))),0),0) -> 0 | AH20: 0 | AI20: =IFERROR(IF(H20=1,IF(盤查結果!$F$6="IPCC第二次評估報告（1995）",VLOOKUP(K20,'Factor Table 1'!$D$172:$P$172,9,FALSE),IF(盤查結果!$F$6="IPCC第三次評估報告(2001)",VLOOKUP(K20,'Factor Table 1'!$D$172:$P$172,10,FALSE),IF(盤查結果!$F$6="IPCC第四次評估報告(2007)",VLOOKUP(K20,'Factor Table 1'!$D$172:$P$172,11,FALSE),IF(盤查結果!$F$6="IPCC第五次評估報告(2013)",VLOOKUP(K20,'Factor Table 1'!$D$172:$P$172,12,FALSE),IF(盤查結果!$F$6="IPCC第六次評估報告(2021)",VLOOKUP(K20,'Factor Table 1'!$D$172:$P$172,13,FALSE),0))))),0),0) -> 0 | AJ20: =IFERROR(IF(H20=1,IF(盤查結果!$F$6="IPCC第二次評估報告（1995）",VLOOKUP(K20,'Factor Table 1'!$D$171:$P$171,9,FALSE),IF(盤查結果!$F$6="IPCC第三次評估報告(2001)",VLOOKUP(K20,'Factor Table 1'!$D$171:$P$171,10,FALSE),IF(盤查結果!$F$6="IPCC第四次評估報告(2007)",VLOOKUP(K20,'Factor Table 1'!$D$171:$P$171,11,FALSE),IF(盤查結果!$F$6="IPCC第五次評估報告(2013)",VLOOKUP(K20,'Factor Table 1'!$D$171:$P$171,12,FALSE),IF(盤查結果!$F$6="IPCC第六次評估報告(2021)",VLOOKUP(K20,'Factor Table 1'!$D$171:$P$171,13,FALSE),0))))),0),0) -> 0 | AK20: =$L20*V20*AD20 -> 0 | AL20: =$L20*W20*AE20 -> 0 | AM20: =$L20*X20*AF20 -> 0 | AN20: =$L20*Y20*AG20 -> 0 | AO20: =$L20*Z20*AH20 -> 0 | AP20: =$L20*AA20*AI20 -> 0 | AQ20: =$L20*AB20*AJ20 -> 0 | AR20: =ROUND(SUM(AK20:AQ20),4) -> 0 | AS20: =AR20/($D$3+$Y$57+$Y$63) -> 0 | AT20: =AS20/($D$3+$D$55) -> 0
G21: =IF(K21<>"","移動燃燒","") | H21: =IF(K21<>"",1,"") | O21: =IF(V21>0.0000000001,"V","") | P21: =IF(W21>0.0000000001,"V","") | Q21: =IF(X21>0.0000000001,"V","") | R21: =IF(Y21>0.0000000001,"V","") | S21: =IF(Z21>0.0000000001,"V","") | T21: =IF(AA21>0.0000000001,"V","") | U21: =IF(AB21>0.0000000001,"V","") | V21: =IFERROR(ROUND(VLOOKUP($K21,'Factor Table 1'!$D$3:$AD$60,11,FALSE),10),0) -> 0 | W21: =IFERROR(ROUND(VLOOKUP($K21,'Factor Table 1'!$D$3:$AD$60,13,FALSE),10),0) -> 0 | X21: =IFERROR(ROUND(VLOOKUP($K21,'Factor Table 1'!$D$3:$AD$60,15,FALSE),10),0) -> 0 | Y21: =IFERROR(IF(OR(K21="CO2",K21="CH4",K21="N2O"),ROUND(VLOOKUP($K21,'Factor Table 1'!$D$3:$AD$69,17,FALSE),10),IFERROR(ROUND(VLOOKUP(J21,'Factor Table 1'!$C$3:$AD$69,18,FALSE),10),ROUND(VLOOKUP(K21,'Factor Table 1'!$D$3:$AD$69,17,FALSE),10))),0) -> 0 | Z21: 0 | AA21: =IFERROR(IF(K21="SF6",1,0),0) -> 0 | AB21: =IFERROR(IF(K21="NF3",1,0),0) -> 0 | AC21: =IFERROR(IF(OR(K21="CO2",K21="CH4",K21="N2O"),VLOOKUP($K21,'Factor Table 1'!$D$3:$AD$69,19,FALSE),IFERROR(VLOOKUP(J21,'Factor Table 1'!$C$3:$AD$69,20,FALSE),VLOOKUP(K21,'Factor Table 1'!$D$3:$AD$69,19,FALSE))),"") | AD21: =IF(H21=1,1,0) -> 0 | AE21: =IF(H21=1,IF(盤查結果!$F$6="IPCC第二次評估報告（1995）",'Factor Table 1'!$L$75,IF(盤查結果!$F$6="IPCC第三次評估報告(2001)",'Factor Table 1'!$M$75,IF(盤查結果!$F$6="IPCC第四次評估報告(2007)",'Factor Table 1'!$N$75,IF(盤查結果!$F$6="IPCC第五次評估報告(2013)",'Factor Table 1'!$O$75,IF(盤查結果!$F$6="IPCC第六次評估報告(2021)",'Factor Table 1'!$P$75,0))))),0) -> 0 | AF21: =IF(H21=1,IF(盤查結果!$F$6="IPCC第二次評估報告（1995）",'Factor Table 1'!$L$76,IF(盤查結果!$F$6="IPCC第三次評估報告(2001)",'Factor Table 1'!$M$76,IF(盤查結果!$F$6="IPCC第四次評估報告(2007)",'Factor Table 1'!$N$76,IF(盤查結果!$F$6="IPCC第五次評估報告(2013)",'Factor Table 1'!$O$76,IF(盤查結果!$F$6="IPCC第六次評估報告(2021)",'Factor Table 1'!$P$76,0))))),0) -> 0 | AG21: =IFERROR(IF(H21=1,IF(盤查結果!$F$6="IPCC第二次評估報告（1995）",VLOOKUP(K21,'Factor Table 1'!$D$75:$P$169,9,FALSE),IF(盤查結果!$F$6="IPCC第三次評估報告(2001)",VLOOKUP(K21,'Factor Table 1'!$D$75:$P$169,10,FALSE),IF(盤查結果!$F$6="IPCC第四次評估報告(2007)",VLOOKUP(K21,'Factor Table 1'!$D$75:$P$169,11,FALSE),IF(盤查結果!$F$6="IPCC第五次評估報告(2013)",VLOOKUP(K21,'Factor Table 1'!$D$75:$P$169,12,FALSE),IF(盤查結果!$F$6="IPCC第六次評估報告(2021)",VLOOKUP(K21,'Factor Table 1'!$D$75:$P$169,13,FALSE),0))))),0),0) -> 0 | AH21: 0 | AI21: =IFERROR(IF(H21=1,IF(盤查結果!$F$6="IPCC第二次評估報告（1995）",VLOOKUP(K21,'Factor Table 1'!$D$172:$P$172,9,FALSE),IF(盤查結果!$F$6="IPCC第三次評估報告(2001)",VLOOKUP(K21,'Factor Table 1'!$D$172:$P$172,10,FALSE),IF(盤查結果!$F$6="IPCC第四次評估報告(2007)",VLOOKUP(K21,'Factor Table 1'!$D$172:$P$172,11,FALSE),IF(盤查結果!$F$6="IPCC第五次評估報告(2013)",VLOOKUP(K21,'Factor Table 1'!$D$172:$P$172,12,FALSE),IF(盤查結果!$F$6="IPCC第六次評估報告(2021)",VLOOKUP(K21,'Factor Table 1'!$D$172:$P$172,13,FALSE),0))))),0),0) -> 0 | AJ21: =IFERROR(IF(H21=1,IF(盤查結果!$F$6="IPCC第二次評估報告（1995）",VLOOKUP(K21,'Factor Table 1'!$D$171:$P$171,9,FALSE),IF(盤查結果!$F$6="IPCC第三次評估報告(2001)",VLOOKUP(K21,'Factor Table 1'!$D$171:$P$171,10,FALSE),IF(盤查結果!$F$6="IPCC第四次評估報告(2007)",VLOOKUP(K21,'Factor Table 1'!$D$171:$P$171,11,FALSE),IF(盤查結果!$F$6="IPCC第五次評估報告(2013)",VLOOKUP(K21,'Factor Table 1'!$D$171:$P$171,12,FALSE),IF(盤查結果!$F$6="IPCC第六次評估報告(2021)",VLOOKUP(K21,'Factor Table 1'!$D$171:$P$171,13,FALSE),0))))),0),0) -> 0 | AK21: =$L21*V21*AD21 -> 0 | AL21: =$L21*W21*AE21 -> 0 | AM21: =$L21*X21*AF21 -> 0 | AN21: =$L21*Y21*AG21 -> 0 | AO21: =$L21*Z21*AH21 -> 0 | AP21: =$L21*AA21*AI21 -> 0 | AQ21: =$L21*AB21*AJ21 -> 0 | AR21: =ROUND(SUM(AK21:AQ21),4) -> 0 | AS21: =AR21/($D$3+$Y$57+$Y$63) -> 0 | AT21: =AS21/($D$3+$D$55) -> 0
G22: =IF(K22<>"","移動燃燒","") | H22: =IF(K22<>"",1,"") | O22: =IF(V22>0.0000000001,"V","") | P22: =IF(W22>0.0000000001,"V","") | Q22: =IF(X22>0.0000000001,"V","") | R22: =IF(Y22>0.0000000001,"V","") | S22: =IF(Z22>0.0000000001,"V","") | T22: =IF(AA22>0.0000000001,"V","") | U22: =IF(AB22>0.0000000001,"V","") | V22: =IFERROR(ROUND(VLOOKUP($K22,'Factor Table 1'!$D$3:$AD$60,11,FALSE),10),0) -> 0 | W22: =IFERROR(ROUND(VLOOKUP($K22,'Factor Table 1'!$D$3:$AD$60,13,FALSE),10),0) -> 0 | X22: =IFERROR(ROUND(VLOOKUP($K22,'Factor Table 1'!$D$3:$AD$60,15,FALSE),10),0) -> 0 | Y22: =IFERROR(IF(OR(K22="CO2",K22="CH4",K22="N2O"),ROUND(VLOOKUP($K22,'Factor Table 1'!$D$3:$AD$69,17,FALSE),10),IFERROR(ROUND(VLOOKUP(J22,'Factor Table 1'!$C$3:$AD$69,18,FALSE),10),ROUND(VLOOKUP(K22,'Factor Table 1'!$D$3:$AD$69,17,FALSE),10))),0) -> 0 | Z22: 0 | AA22: =IFERROR(IF(K22="SF6",1,0),0) -> 0 | AB22: =IFERROR(IF(K22="NF3",1,0),0) -> 0 | AC22: =IFERROR(IF(OR(K22="CO2",K22="CH4",K22="N2O"),VLOOKUP($K22,'Factor Table 1'!$D$3:$AD$69,19,FALSE),IFERROR(VLOOKUP(J22,'Factor Table 1'!$C$3:$AD$69,20,FALSE),VLOOKUP(K22,'Factor Table 1'!$D$3:$AD$69,19,FALSE))),"") | AD22: =IF(H22=1,1,0) -> 0 | AE22: =IF(H22=1,IF(盤查結果!$F$6="IPCC第二次評估報告（1995）",'Factor Table 1'!$L$75,IF(盤查結果!$F$6="IPCC第三次評估報告(2001)",'Factor Table 1'!$M$75,IF(盤查結果!$F$6="IPCC第四次評估報告(2007)",'Factor Table 1'!$N$75,IF(盤查結果!$F$6="IPCC第五次評估報告(2013)",'Factor Table 1'!$O$75,IF(盤查結果!$F$6="IPCC第六次評估報告(2021)",'Factor Table 1'!$P$75,0))))),0) -> 0 | AF22: =IF(H22=1,IF(盤查結果!$F$6="IPCC第二次評估報告（1995）",'Factor Table 1'!$L$76,IF(盤查結果!$F$6="IPCC第三次評估報告(2001)",'Factor Table 1'!$M$76,IF(盤查結果!$F$6="IPCC第四次評估報告(2007)",'Factor Table 1'!$N$76,IF(盤查結果!$F$6="IPCC第五次評估報告(2013)",'Factor Table 1'!$O$76,IF(盤查結果!$F$6="IPCC第六次評估報告(2021)",'Factor Table 1'!$P$76,0))))),0) -> 0 | AG22: =IFERROR(IF(H22=1,IF(盤查結果!$F$6="IPCC第二次評估報告（1995）",VLOOKUP(K22,'Factor Table 1'!$D$75:$P$169,9,FALSE),IF(盤查結果!$F$6="IPCC第三次評估報告(2001)",VLOOKUP(K22,'Factor Table 1'!$D$75:$P$169,10,FALSE),IF(盤查結果!$F$6="IPCC第四次評估報告(2007)",VLOOKUP(K22,'Factor Table 1'!$D$75:$P$169,11,FALSE),IF(盤查結果!$F$6="IPCC第五次評估報告(2013)",VLOOKUP(K22,'Factor Table 1'!$D$75:$P$169,12,FALSE),IF(盤查結果!$F$6="IPCC第六次評估報告(2021)",VLOOKUP(K22,'Factor Table 1'!$D$75:$P$169,13,FALSE),0))))),0),0) -> 0 | AH22: 0 | AI22: =IFERROR(IF(H22=1,IF(盤查結果!$F$6="IPCC第二次評估報告（1995）",VLOOKUP(K22,'Factor Table 1'!$D$172:$P$172,9,FALSE),IF(盤查結果!$F$6="IPCC第三次評估報告(2001)",VLOOKUP(K22,'Factor Table 1'!$D$172:$P$172,10,FALSE),IF(盤查結果!$F$6="IPCC第四次評估報告(2007)",VLOOKUP(K22,'Factor Table 1'!$D$172:$P$172,11,FALSE),IF(盤查結果!$F$6="IPCC第五次評估報告(2013)",VLOOKUP(K22,'Factor Table 1'!$D$172:$P$172,12,FALSE),IF(盤查結果!$F$6="IPCC第六次評估報告(2021)",VLOOKUP(K22,'Factor Table 1'!$D$172:$P$172,13,FALSE),0))))),0),0) -> 0 | AJ22: =IFERROR(IF(H22=1,IF(盤查結果!$F$6="IPCC第二次評估報告（1995）",VLOOKUP(K22,'Factor Table 1'!$D$171:$P$171,9,FALSE),IF(盤查結果!$F$6="IPCC第三次評估報告(2001)",VLOOKUP(K22,'Factor Table 1'!$D$171:$P$171,10,FALSE),IF(盤查結果!$F$6="IPCC第四次評估報告(2007)",VLOOKUP(K22,'Factor Table 1'!$D$171:$P$171,11,FALSE),IF(盤查結果!$F$6="IPCC第五次評估報告(2013)",VLOOKUP(K22,'Factor Table 1'!$D$171:$P$171,12,FALSE),IF(盤查結果!$F$6="IPCC第六次評估報告(2021)",VLOOKUP(K22,'Factor Table 1'!$D$171:$P$171,13,FALSE),0))))),0),0) -> 0 | AK22: =$L22*V22*AD22 -> 0 | AL22: =$L22*W22*AE22 -> 0 | AM22: =$L22*X22*AF22 -> 0 | AN22: =$L22*Y22*AG22 -> 0 | AO22: =$L22*Z22*AH22 -> 0 | AP22: =$L22*AA22*AI22 -> 0 | AQ22: =$L22*AB22*AJ22 -> 0 | AR22: =ROUND(SUM(AK22:AQ22),4) -> 0 | AS22: =AR22/($D$3+$Y$57+$Y$63) -> 0 | AT22: =AS22/($D$3+$D$55) -> 0
B23: 1.3 | C23: 工業製程之直接製程排放及移除 | G23: =IF(K23<>"","製程排放","") -> 製程排放 | H23: =IF(K23<>"",1,"") -> 1 | I23: =IF(COUNTA(K23:K28)>0,"有","無") -> 有 | J23: 二氧化碳鋼瓶 | K23: CO2 | L23: =25*178/1000 -> 4.45 | M23: 公噸 | N23: 請購紀錄 | O23: =IF(V23>0.0000000001,"V","") -> V | P23: =IF(W23>0.0000000001,"V","") | Q23: =IF(X23>0.0000000001,"V","") | R23: =IF(Y23>0.0000000001,"V","") | S23: =IF(Z23>0.0000000001,"V","") | T23: =IF(AA23>0.0000000001,"V","") | U23: =IF(AB23>0.0000000001,"V","") | V23: 1 | W23: 0 | X23: 0 | Y23: 0 | Z23: 0 | AA23: 0 | AB23: 0 | AC23: 質量平衡 | AD23: =IF(H23=1,1,0) -> 1 | AE23: =IF(H23=1,IF(盤查結果!$F$6="IPCC第二次評估報告（1995）",'Factor Table 1'!$L$75,IF(盤查結果!$F$6="IPCC第三次評估報告(2001)",'Factor Table 1'!$M$75,IF(盤查結果!$F$6="IPCC第四次評估報告(2007)",'Factor Table 1'!$N$75,IF(盤查結果!$F$6="IPCC第五次評估報告(2013)",'Factor Table 1'!$O$75,IF(盤查結果!$F$6="IPCC第六次評估報告(2021)",'Factor Table 1'!$P$75,0))))),0) -> 27 | AF23: =IF(H23=1,IF(盤查結果!$F$6="IPCC第二次評估報告（1995）",'Factor Table 1'!$L$76,IF(盤查結果!$F$6="IPCC第三次評估報告(2001)",'Factor Table 1'!$M$76,IF(盤查結果!$F$6="IPCC第四次評估報告(2007)",'Factor Table 1'!$N$76,IF(盤查結果!$F$6="IPCC第五次評估報告(2013)",'Factor Table 1'!$O$76,IF(盤查結果!$F$6="IPCC第六次評估報告(2021)",'Factor Table 1'!$P$76,0))))),0) -> 273 | AG23: 0 | AH23: 0 | AI23: 0 | AJ23: 0 | AK23: =$L23*V23*AD23 -> 4.45 | AL23: =$L23*W23*AE23 -> 0 | AM23: =$L23*X23*AF23 -> 0 | AN23: =$L23*Y23*AG23 -> 0 | AO23: =$L23*Z23*AH23 -> 0 | AP23: =$L23*AA23*AI23 -> 0 | AQ23: =$L23*AB23*AJ23 -> 0 | AR23: =ROUND(SUM(AK23:AQ23),4) -> 4.45 | AS23: =AR23/($D$3+$Y$57+$Y$63) -> 0.0093200471 | AT23: =AS23/($D$3+$D$55) -> 5.2995656e-06
G24: =IF(K24<>"","製程排放","") | H24: =IF(K24<>"",1,"") | O24: =IF(V24>0.0000000001,"V","") | P24: =IF(W24>0.0000000001,"V","") | Q24: =IF(X24>0.0000000001,"V","") | R24: =IF(Y24>0.0000000001,"V","") | S24: =IF(Z24>0.0000000001,"V","") | T24: =IF(AA24>0.0000000001,"V","") | U24: =IF(AB24>0.0000000001,"V","") | AD24: =IF(H24=1,1,0) -> 0 | AE24: =IF(H24=1,IF(盤查結果!$F$6="IPCC第二次評估報告（1995）",'Factor Table 1'!$L$75,IF(盤查結果!$F$6="IPCC第三次評估報告(2001)",'Factor Table 1'!$M$75,IF(盤查結果!$F$6="IPCC第四次評估報告(2007)",'Factor Table 1'!$N$75,IF(盤查結果!$F$6="IPCC第五次評估報告(2013)",'Factor Table 1'!$O$75,IF(盤查結果!$F$6="IPCC第六次評估報告(2021)",'Factor Table 1'!$P$75,0))))),0) -> 0 | AF24: =IF(H24=1,IF(盤查結果!$F$6="IPCC第二次評估報告（1995）",'Factor Table 1'!$L$76,IF(盤查結果!$F$6="IPCC第三次評估報告(2001)",'Factor Table 1'!$M$76,IF(盤查結果!$F$6="IPCC第四次評估報告(2007)",'Factor Table 1'!$N$76,IF(盤查結果!$F$6="IPCC第五次評估報告(2013)",'Factor Table 1'!$O$76,IF(盤查結果!$F$6="IPCC第六次評估報告(2021)",'Factor Table 1'!$P$76,0))))),0) -> 0 | AK24: =$L24*V24*AD24 -> 0 | AL24: =$L24*W24*AE24 -> 0 | AM24: =$L24*X24*AF24 -> 0 | AN24: =$L24*Y24*AG24 -> 0 | AO24: =$L24*Z24*AH24 -> 0 | AP24: =$L24*AA24*AI24 -> 0 | AQ24: =$L24*AB24*AJ24 -> 0 | AR24: =ROUND(SUM(AK24:AQ24),4) -> 0 | AS24: =AR24/($D$3+$Y$57+$Y$63) -> 0 | AT24: =AS24/($D$3+$D$55) -> 0
G25: =IF(K25<>"","製程排放","") | H25: =IF(K25<>"",1,"") | O25: =IF(V25>0.0000000001,"V","") | P25: =IF(W25>0.0000000001,"V","") | Q25: =IF(X25>0.0000000001,"V","") | R25: =IF(Y25>0.0000000001,"V","") | S25: =IF(Z25>0.0000000001,"V","") | T25: =IF(AA25>0.0000000001,"V","") | U25: =IF(AB25>0.0000000001,"V","") | AD25: =IF(H25=1,1,0) -> 0 | AE25: =IF(H25=1,IF(盤查結果!$F$6="IPCC第二次評估報告（1995）",'Factor Table 1'!$L$75,IF(盤查結果!$F$6="IPCC第三次評估報告(2001)",'Factor Table 1'!$M$75,IF(盤查結果!$F$6="IPCC第四次評估報告(2007)",'Factor Table 1'!$N$75,IF(盤查結果!$F$6="IPCC第五次評估報告(2013)",'Factor Table 1'!$O$75,IF(盤查結果!$F$6="IPCC第六次評估報告(2021)",'Factor Table 1'!$P$75,0))))),0) -> 0 | AF25: =IF(H25=1,IF(盤查結果!$F$6="IPCC第二次評估報告（1995）",'Factor Table 1'!$L$76,IF(盤查結果!$F$6="IPCC第三次評估報告(2001)",'Factor Table 1'!$M$76,IF(盤查結果!$F$6="IPCC第四次評估報告(2007)",'Factor Table 1'!$N$76,IF(盤查結果!$F$6="IPCC第五次評估報告(2013)",'Factor Table 1'!$O$76,IF(盤查結果!$F$6="IPCC第六次評估報告(2021)",'Factor Table 1'!$P$76,0))))),0) -> 0 | AK25: =$L25*V25*AD25 -> 0 | AL25: =$L25*W25*AE25 -> 0 | AM25: =$L25*X25*AF25 -> 0 | AN25: =$L25*Y25*AG25 -> 0 | AO25: =$L25*Z25*AH25 -> 0 | AP25: =$L25*AA25*AI25 -> 0 | AQ25: =$L25*AB25*AJ25 -> 0 | AR25: =ROUND(SUM(AK25:AQ25),4) -> 0 | AS25: =AR25/($D$3+$Y$57+$Y$63) -> 0 | AT25: =AS25/($D$3+$D$55) -> 0
G26: =IF(K26<>"","製程排放","") | H26: =IF(K26<>"",1,"") | O26: =IF(V26>0.0000000001,"V","") | P26: =IF(W26>0.0000000001,"V","") | Q26: =IF(X26>0.0000000001,"V","") | R26: =IF(Y26>0.0000000001,"V","") | S26: =IF(Z26>0.0000000001,"V","") | T26: =IF(AA26>0.0000000001,"V","") | U26: =IF(AB26>0.0000000001,"V","") | AD26: =IF(H26=1,1,0) -> 0 | AE26: =IF(H26=1,IF(盤查結果!$F$6="IPCC第二次評估報告（1995）",'Factor Table 1'!$L$75,IF(盤查結果!$F$6="IPCC第三次評估報告(2001)",'Factor Table 1'!$M$75,IF(盤查結果!$F$6="IPCC第四次評估報告(2007)",'Factor Table 1'!$N$75,IF(盤查結果!$F$6="IPCC第五次評估報告(2013)",'Factor Table 1'!$O$75,IF(盤查結果!$F$6="IPCC第六次評估報告(2021)",'Factor Table 1'!$P$75,0))))),0) -> 0 | AF26: =IF(H26=1,IF(盤查結果!$F$6="IPCC第二次評估報告（1995）",'Factor Table 1'!$L$76,IF(盤查結果!$F$6="IPCC第三次評估報告(2001)",'Factor Table 1'!$M$76,IF(盤查結果!$F$6="IPCC第四次評估報告(2007)",'Factor Table 1'!$N$76,IF(盤查結果!$F$6="IPCC第五次評估報告(2013)",'Factor Table 1'!$O$76,IF(盤查結果!$F$6="IPCC第六次評估報告(2021)",'Factor Table 1'!$P$76,0))))),0) -> 0 | AK26: =$L26*V26*AD26 -> 0 | AL26: =$L26*W26*AE26 -> 0 | AM26: =$L26*X26*AF26 -> 0 | AN26: =$L26*Y26*AG26 -> 0 | AO26: =$L26*Z26*AH26 -> 0 | AP26: =$L26*AA26*AI26 -> 0 | AQ26: =$L26*AB26*AJ26 -> 0 | AR26: =ROUND(SUM(AK26:AQ26),4) -> 0 | AS26: =AR26/($D$3+$Y$57+$Y$63) -> 0 | AT26: =AS26/($D$3+$D$55) -> 0
G27: =IF(K27<>"","製程排放","") | H27: =IF(K27<>"",1,"") | O27: =IF(V27>0.0000000001,"V","") | P27: =IF(W27>0.0000000001,"V","") | Q27: =IF(X27>0.0000000001,"V","") | R27: =IF(Y27>0.0000000001,"V","") | S27: =IF(Z27>0.0000000001,"V","") | T27: =IF(AA27>0.0000000001,"V","") | U27: =IF(AB27>0.0000000001,"V","") | AD27: =IF(H27=1,1,0) -> 0 | AE27: =IF(H27=1,IF(盤查結果!$F$6="IPCC第二次評估報告（1995）",'Factor Table 1'!$L$75,IF(盤查結果!$F$6="IPCC第三次評估報告(2001)",'Factor Table 1'!$M$75,IF(盤查結果!$F$6="IPCC第四次評估報告(2007)",'Factor Table 1'!$N$75,IF(盤查結果!$F$6="IPCC第五次評估報告(2013)",'Factor Table 1'!$O$75,IF(盤查結果!$F$6="IPCC第六次評估報告(2021)",'Factor Table 1'!$P$75,0))))),0) -> 0 | AF27: =IF(H27=1,IF(盤查結果!$F$6="IPCC第二次評估報告（1995）",'Factor Table 1'!$L$76,IF(盤查結果!$F$6="IPCC第三次評估報告(2001)",'Factor Table 1'!$M$76,IF(盤查結果!$F$6="IPCC第四次評估報告(2007)",'Factor Table 1'!$N$76,IF(盤查結果!$F$6="IPCC第五次評估報告(2013)",'Factor Table 1'!$O$76,IF(盤查結果!$F$6="IPCC第六次評估報告(2021)",'Factor Table 1'!$P$76,0))))),0) -> 0 | AK27: =$L27*V27*AD27 -> 0 | AL27: =$L27*W27*AE27 -> 0 | AM27: =$L27*X27*AF27 -> 0 | AN27: =$L27*Y27*AG27 -> 0 | AO27: =$L27*Z27*AH27 -> 0 | AP27: =$L27*AA27*AI27 -> 0 | AQ27: =$L27*AB27*AJ27 -> 0 | AR27: =ROUND(SUM(AK27:AQ27),4) -> 0 | AS27: =AR27/($D$3+$Y$57+$Y$63) -> 0 | AT27: =AS27/($D$3+$D$55) -> 0
G28: =IF(K28<>"","製程排放","") | H28: =IF(K28<>"",1,"") | O28: =IF(V28>0.0000000001,"V","") | P28: =IF(W28>0.0000000001,"V","") | Q28: =IF(X28>0.0000000001,"V","") | R28: =IF(Y28>0.0000000001,"V","") | S28: =IF(Z28>0.0000000001,"V","") | T28: =IF(AA28>0.0000000001,"V","") | U28: =IF(AB28>0.0000000001,"V","") | AD28: =IF(H28=1,1,0) -> 0 | AE28: =IF(H28=1,IF(盤查結果!$F$6="IPCC第二次評估報告（1995）",'Factor Table 1'!$L$75,IF(盤查結果!$F$6="IPCC第三次評估報告(2001)",'Factor Table 1'!$M$75,IF(盤查結果!$F$6="IPCC第四次評估報告(2007)",'Factor Table 1'!$N$75,IF(盤查結果!$F$6="IPCC第五次評估報告(2013)",'Factor Table 1'!$O$75,IF(盤查結果!$F$6="IPCC第六次評估報告(2021)",'Factor Table 1'!$P$75,0))))),0) -> 0 | AF28: =IF(H28=1,IF(盤查結果!$F$6="IPCC第二次評估報告（1995）",'Factor Table 1'!$L$76,IF(盤查結果!$F$6="IPCC第三次評估報告(2001)",'Factor Table 1'!$M$76,IF(盤查結果!$F$6="IPCC第四次評估報告(2007)",'Factor Table 1'!$N$76,IF(盤查結果!$F$6="IPCC第五次評估報告(2013)",'Factor Table 1'!$O$76,IF(盤查結果!$F$6="IPCC第六次評估報告(2021)",'Factor Table 1'!$P$76,0))))),0) -> 0 | AK28: =$L28*V28*AD28 -> 0 | AL28: =$L28*W28*AE28 -> 0 | AM28: =$L28*X28*AF28 -> 0 | AN28: =$L28*Y28*AG28 -> 0 | AO28: =$L28*Z28*AH28 -> 0 | AP28: =$L28*AA28*AI28 -> 0 | AQ28: =$L28*AB28*AJ28 -> 0 | AR28: =ROUND(SUM(AK28:AQ28),4) -> 0 | AS28: =AR28/($D$3+$Y$57+$Y$63) -> 0 | AT28: =AS28/($D$3+$D$55) -> 0
B29: 1.4 | C29: 人為系統中溫室氣體釋放產生的直接逸散排放 | G29: =IF(K29<>"","逸散排放","") -> 逸散排放 | H29: =IF(K29<>"",1,"") -> 1 | I29: =IF(COUNTA(K29:K52)>0,"有","無") -> 有 | J29: 化糞池 | K29: CH4 | L29: 1803286.8 | N29: 職災申報總經歷工時/宿舍每月人數 | O29: =IF(V29>0.0000000001,"V","") | P29: =IF(W29>0.0000000001,"V","") -> V | Q29: =IF(X29>0.0000000001,"V","") | R29: =IF(Y29>0.0000000001,"V","") | S29: =IF(Z29>0.0000000001,"V","") | T29: =IF(AA29>0.0000000001,"V","") | U29: =IF(AB29>0.0000000001,"V","") | V29: =IFERROR(ROUND(VLOOKUP($K29,'Factor Table 1'!$D$3:$AD$60,11,FALSE),10),0) -> 0 | W29: =IFERROR(ROUND(VLOOKUP($K29,'Factor Table 1'!$D$3:$AD$60,13,FALSE),10),0) -> 1.5938e-06 | X29: =IFERROR(ROUND(VLOOKUP($K29,'Factor Table 1'!$D$3:$AD$60,15,FALSE),10),0) -> 0 | Y29: =IFERROR(IF(OR(K29="CO2",K29="CH4",K29="N2O"),ROUND(VLOOKUP($K29,'Factor Table 1'!$D$3:$AD$69,17,FALSE),10),IFERROR(ROUND(VLOOKUP(J29,'Factor Table 1'!$C$3:$AD$69,18,FALSE),10),ROUND(VLOOKUP(K29,'Factor Table 1'!$D$3:$AD$69,17,FALSE),10))),0) -> 0 | Z29: 0 | AA29: =IFERROR(IF(K29="SF6",1,0),0) -> 0 | AB29: =IFERROR(IF(K29="NF3",1,0),0) -> 0 | AC29: =IFERROR(IF(OR(K29="CO2",K29="CH4",K29="N2O"),VLOOKUP($K29,'Factor Table 1'!$D$3:$AD$69,19,FALSE),IFERROR(VLOOKUP(J29,'Factor Table 1'!$C$3:$AD$69,20,FALSE),VLOOKUP(K29,'Factor Table 1'!$D$3:$AD$69,19,FALSE))),"") -> 環境部排放係管理表6.0.4 | AD29: =IF(H29=1,1,0) -> 1 | AE29: =IF(H29=1,IF(盤查結果!$F$6="IPCC第二次評估報告（1995）",'Factor Table 1'!$L$75,IF(盤查結果!$F$6="IPCC第三次評估報告(2001)",'Factor Table 1'!$M$75,IF(盤查結果!$F$6="IPCC第四次評估報告(2007)",'Factor Table 1'!$N$75,IF(盤查結果!$F$6="IPCC第五次評估報告(2013)",'Factor Table 1'!$O$75,IF(盤查結果!$F$6="IPCC第六次評估報告(2021)",'Factor Table 1'!$P$75,0))))),0) -> 27 | AF29: =IF(H29=1,IF(盤查結果!$F$6="IPCC第二次評估報告（1995）",'Factor Table 1'!$L$76,IF(盤查結果!$F$6="IPCC第三次評估報告(2001)",'Factor Table 1'!$M$76,IF(盤查結果!$F$6="IPCC第四次評估報告(2007)",'Factor Table 1'!$N$76,IF(盤查結果!$F$6="IPCC第五次評估報告(2013)",'Factor Table 1'!$O$76,IF(盤查結果!$F$6="IPCC第六次評估報告(2021)",'Factor Table 1'!$P$76,0))))),0) -> 273 | AG29: =IFERROR(IF(H29=1,IF(盤查結果!$F$6="IPCC第二次評估報告（1995）",VLOOKUP(K29,'Factor Table 1'!$D$75:$P$169,9,FALSE),IF(盤查結果!$F$6="IPCC第三次評估報告(2001)",VLOOKUP(K29,'Factor Table 1'!$D$75:$P$169,10,FALSE),IF(盤查結果!$F$6="IPCC第四次評估報告(2007)",VLOOKUP(K29,'Factor Table 1'!$D$75:$P$169,11,FALSE),IF(盤查結果!$F$6="IPCC第五次評估報告(2013)",VLOOKUP(K29,'Factor Table 1'!$D$75:$P$169,12,FALSE),IF(盤查結果!$F$6="IPCC第六次評估報告(2021)",VLOOKUP(K29,'Factor Table 1'!$D$75:$P$169,13,FALSE),0))))),0),0) -> 27 | AH29: 0 | AI29: =IFERROR(IF(H29=1,IF(盤查結果!$F$6="IPCC第二次評估報告（1995）",VLOOKUP(K29,'Factor Table 1'!$D$172:$P$172,9,FALSE),IF(盤查結果!$F$6="IPCC第三次評估報告(2001)",VLOOKUP(K29,'Factor Table 1'!$D$172:$P$172,10,FALSE),IF(盤查結果!$F$6="IPCC第四次評估報告(2007)",VLOOKUP(K29,'Factor Table 1'!$D$172:$P$172,11,FALSE),IF(盤查結果!$F$6="IPCC第五次評估報告(2013)",VLOOKUP(K29,'Factor Table 1'!$D$172:$P$172,12,FALSE),IF(盤查結果!$F$6="IPCC第六次評估報告(2021)",VLOOKUP(K29,'Factor Table 1'!$D$172:$P$172,13,FALSE),0))))),0),0) -> 0 | AJ29: =IFERROR(IF(H29=1,IF(盤查結果!$F$6="IPCC第二次評估報告（1995）",VLOOKUP(K29,'Factor Table 1'!$D$171:$P$171,9,FALSE),IF(盤查結果!$F$6="IPCC第三次評估報告(2001)",VLOOKUP(K29,'Factor Table 1'!$D$171:$P$171,10,FALSE),IF(盤查結果!$F$6="IPCC第四次評估報告(2007)",VLOOKUP(K29,'Factor Table 1'!$D$171:$P$171,11,FALSE),IF(盤查結果!$F$6="IPCC第五次評估報告(2013)",VLOOKUP(K29,'Factor Table 1'!$D$171:$P$171,12,FALSE),IF(盤查結果!$F$6="IPCC第六次評估報告(2021)",VLOOKUP(K29,'Factor Table 1'!$D$171:$P$171,13,FALSE),0))))),0),0) -> 0 | AK29: =$L29*V29*AD29 -> 0 | AL29: =$L29*W29*AE29 -> 77.600121 | AM29: =$L29*X29*AF29 -> 0 | AN29: =$L29*Y29*AG29 -> 0 | AO29: =$L29*Z29*AH29 -> 0 | AP29: =$L29*AA29*AI29 -> 0 | AQ29: =$L29*AB29*AJ29 -> 0 | AR29: =ROUND(SUM(AK29:AQ29),4) -> 77.6001 | AS29: =AR29/($D$3+$Y$57+$Y$63) -> 0.16252508 | AT29: =AS29/($D$3+$D$55) -> 9.2415015e-05
G30: =IF(K30<>"","逸散排放","") -> 逸散排放 | H30: =IF(K30<>"",1,"") -> 1 | J30: 冰水機 | K30: R134a | L30: 0.24681741 | M30: 公噸 | N30: 冷煤明細表/銘牌 | O30: =IF(V30>0.0000000001,"V","") | P30: =IF(W30>0.0000000001,"V","") | Q30: =IF(X30>0.0000000001,"V","") | R30: =IF(Y30>0.0000000001,"V","") -> V | S30: =IF(Z30>0.0000000001,"V","") | T30: =IF(AA30>0.0000000001,"V","") | U30: =IF(AB30>0.0000000001,"V","") | V30: =IFERROR(ROUND(VLOOKUP($K30,'Factor Table 1'!$D$3:$AD$60,11,FALSE),10),0) -> 0 | W30: =IFERROR(ROUND(VLOOKUP($K30,'Factor Table 1'!$D$3:$AD$60,13,FALSE),10),0) -> 0 | X30: =IFERROR(ROUND(VLOOKUP($K30,'Factor Table 1'!$D$3:$AD$60,15,FALSE),10),0) -> 0 | Y30: =IFERROR(IF(OR(K30="CO2",K30="CH4",K30="N2O"),ROUND(VLOOKUP($K30,'Factor Table 1'!$D$3:$AD$69,17,FALSE),10),IFERROR(ROUND(VLOOKUP(J30,'Factor Table 1'!$C$3:$AD$69,18,FALSE),10),ROUND(VLOOKUP(K30,'Factor Table 1'!$D$3:$AD$69,17,FALSE),10))),0) -> 0.085 | Z30: 0 | AA30: =IFERROR(IF(K30="SF6",1,0),0) -> 0 | AB30: =IFERROR(IF(K30="NF3",1,0),0) -> 0 | AC30: =IFERROR(IF(OR(K30="CO2",K30="CH4",K30="N2O"),VLOOKUP($K30,'Factor Table 1'!$D$3:$AD$69,19,FALSE),IFERROR(VLOOKUP(J30,'Factor Table 1'!$C$3:$AD$69,20,FALSE),VLOOKUP(K30,'Factor Table 1'!$D$3:$AD$69,19,FALSE))),"") -> 環境部排放係管理表6.0.4 | AD30: =IF(H30=1,1,0) -> 1 | AE30: =IF(H30=1,IF(盤查結果!$F$6="IPCC第二次評估報告（1995）",'Factor Table 1'!$L$75,IF(盤查結果!$F$6="IPCC第三次評估報告(2001)",'Factor Table 1'!$M$75,IF(盤查結果!$F$6="IPCC第四次評估報告(2007)",'Factor Table 1'!$N$75,IF(盤查結果!$F$6="IPCC第五次評估報告(2013)",'Factor Table 1'!$O$75,IF(盤查結果!$F$6="IPCC第六次評估報告(2021)",'Factor Table 1'!$P$75,0))))),0) -> 27 | AF30: =IF(H30=1,IF(盤查結果!$F$6="IPCC第二次評估報告（1995）",'Factor Table 1'!$L$76,IF(盤查結果!$F$6="IPCC第三次評估報告(2001)",'Factor Table 1'!$M$76,IF(盤查結果!$F$6="IPCC第四次評估報告(2007)",'Factor Table 1'!$N$76,IF(盤查結果!$F$6="IPCC第五次評估報告(2013)",'Factor Table 1'!$O$76,IF(盤查結果!$F$6="IPCC第六次評估報告(2021)",'Factor Table 1'!$P$76,0))))),0) -> 273 | AG30: =IFERROR(IF(H30=1,IF(盤查結果!$F$6="IPCC第二次評估報告（1995）",VLOOKUP(K30,'Factor Table 1'!$D$75:$P$169,9,FALSE),IF(盤查結果!$F$6="IPCC第三次評估報告(2001)",VLOOKUP(K30,'Factor Table 1'!$D$75:$P$169,10,FALSE),IF(盤查結果!$F$6="IPCC第四次評估報告(2007)",VLOOKUP(K30,'Factor Table 1'!$D$75:$P$169,11,FALSE),IF(盤查結果!$F$6="IPCC第五次評估報告(2013)",VLOOKUP(K30,'Factor Table 1'!$D$75:$P$169,12,FALSE),IF(盤查結果!$F$6="IPCC第六次評估報告(2021)",VLOOKUP(K30,'Factor Table 1'!$D$75:$P$169,13,FALSE),0))))),0),0) -> 1530 | AH30: 0 | AI30: =IFERROR(IF(H30=1,IF(盤查結果!$F$6="IPCC第二次評估報告（1995）",VLOOKUP(K30,'Factor Table 1'!$D$172:$P$172,9,FALSE),IF(盤查結果!$F$6="IPCC第三次評估報告(2001)",VLOOKUP(K30,'Factor Table 1'!$D$172:$P$172,10,FALSE),IF(盤查結果!$F$6="IPCC第四次評估報告(2007)",VLOOKUP(K30,'Factor Table 1'!$D$172:$P$172,11,FALSE),IF(盤查結果!$F$6="IPCC第五次評估報告(2013)",VLOOKUP(K30,'Factor Table 1'!$D$172:$P$172,12,FALSE),IF(盤查結果!$F$6="IPCC第六次評估報告(2021)",VLOOKUP(K30,'Factor Table 1'!$D$172:$P$172,13,FALSE),0))))),0),0) -> 0 | AJ30: =IFERROR(IF(H30=1,IF(盤查結果!$F$6="IPCC第二次評估報告（1995）",VLOOKUP(K30,'Factor Table 1'!$D$171:$P$171,9,FALSE),IF(盤查結果!$F$6="IPCC第三次評估報告(2001)",VLOOKUP(K30,'Factor Table 1'!$D$171:$P$171,10,FALSE),IF(盤查結果!$F$6="IPCC第四次評估報告(2007)",VLOOKUP(K30,'Factor Table 1'!$D$171:$P$171,11,FALSE),IF(盤查結果!$F$6="IPCC第五次評估報告(2013)",VLOOKUP(K30,'Factor Table 1'!$D$171:$P$171,12,FALSE),IF(盤查結果!$F$6="IPCC第六次評估報告(2021)",VLOOKUP(K30,'Factor Table 1'!$D$171:$P$171,13,FALSE),0))))),0),0) -> 0 | AK30: =$L30*V30*AD30 -> 0 | AL30: =$L30*W30*AE30 -> 0 | AM30: =$L30*X30*AF30 -> 0 | AN30: =$L30*Y30*AG30 -> 32.098604 | AO30: =$L30*Z30*AH30 -> 0 | AP30: =$L30*AA30*AI30 -> 0 | AQ30: =$L30*AB30*AJ30 -> 0 | AR30: =ROUND(SUM(AK30:AQ30),4) -> 32.0986 | AS30: =AR30/($D$3+$Y$57+$Y$63) -> 0.06722707 | AT30: =AS30/($D$3+$D$55) -> 3.822666e-05
G31: =IF(K31<>"","逸散排放","") -> 逸散排放 | H31: =IF(K31<>"",1,"") -> 1 | J31: 冰水機 | K31: R-123 | L31: 0.90718474 | M31: 公噸 | N31: 冷煤明細表/銘牌 | O31: =IF(V31>0.0000000001,"V","") | P31: =IF(W31>0.0000000001,"V","") | Q31: =IF(X31>0.0000000001,"V","") | R31: =IF(Y31>0.0000000001,"V","") -> V | S31: =IF(Z31>0.0000000001,"V","") | T31: =IF(AA31>0.0000000001,"V","") | U31: =IF(AB31>0.0000000001,"V","") | V31: =IFERROR(ROUND(VLOOKUP($K31,'Factor Table 1'!$D$3:$AD$60,11,FALSE),10),0) -> 0 | W31: =IFERROR(ROUND(VLOOKUP($K31,'Factor Table 1'!$D$3:$AD$60,13,FALSE),10),0) -> 0 | X31: =IFERROR(ROUND(VLOOKUP($K31,'Factor Table 1'!$D$3:$AD$60,15,FALSE),10),0) -> 0 | Y31: =IFERROR(IF(OR(K31="CO2",K31="CH4",K31="N2O"),ROUND(VLOOKUP($K31,'Factor Table 1'!$D$3:$AD$69,17,FALSE),10),IFERROR(ROUND(VLOOKUP(J31,'Factor Table 1'!$C$3:$AD$69,18,FALSE),10),ROUND(VLOOKUP(K31,'Factor Table 1'!$D$3:$AD$69,17,FALSE),10))),0) -> 0.085 | Z31: 0 | AA31: =IFERROR(IF(K31="SF6",1,0),0) -> 0 | AB31: =IFERROR(IF(K31="NF3",1,0),0) -> 0 | AC31: =IFERROR(IF(OR(K31="CO2",K31="CH4",K31="N2O"),VLOOKUP($K31,'Factor Table 1'!$D$3:$AD$69,19,FALSE),IFERROR(VLOOKUP(J31,'Factor Table 1'!$C$3:$AD$69,20,FALSE),VLOOKUP(K31,'Factor Table 1'!$D$3:$AD$69,19,FALSE))),"") -> 環境部排放係管理表6.0.4 | AD31: =IF(H31=1,1,0) -> 1 | AE31: =IF(H31=1,IF(盤查結果!$F$6="IPCC第二次評估報告（1995）",'Factor Table 1'!$L$75,IF(盤查結果!$F$6="IPCC第三次評估報告(2001)",'Factor Table 1'!$M$75,IF(盤查結果!$F$6="IPCC第四次評估報告(2007)",'Factor Table 1'!$N$75,IF(盤查結果!$F$6="IPCC第五次評估報告(2013)",'Factor Table 1'!$O$75,IF(盤查結果!$F$6="IPCC第六次評估報告(2021)",'Factor Table 1'!$P$75,0))))),0) -> 27 | AF31: =IF(H31=1,IF(盤查結果!$F$6="IPCC第二次評估報告（1995）",'Factor Table 1'!$L$76,IF(盤查結果!$F$6="IPCC第三次評估報告(2001)",'Factor Table 1'!$M$76,IF(盤查結果!$F$6="IPCC第四次評估報告(2007)",'Factor Table 1'!$N$76,IF(盤查結果!$F$6="IPCC第五次評估報告(2013)",'Factor Table 1'!$O$76,IF(盤查結果!$F$6="IPCC第六次評估報告(2021)",'Factor Table 1'!$P$76,0))))),0) -> 273 | AG31: =IFERROR(IF(H31=1,IF(盤查結果!$F$6="IPCC第二次評估報告（1995）",VLOOKUP(K31,'Factor Table 1'!$D$75:$P$169,9,FALSE),IF(盤查結果!$F$6="IPCC第三次評估報告(2001)",VLOOKUP(K31,'Factor Table 1'!$D$75:$P$169,10,FALSE),IF(盤查結果!$F$6="IPCC第四次評估報告(2007)",VLOOKUP(K31,'Factor Table 1'!$D$75:$P$169,11,FALSE),IF(盤查結果!$F$6="IPCC第五次評估報告(2013)",VLOOKUP(K31,'Factor Table 1'!$D$75:$P$169,12,FALSE),IF(盤查結果!$F$6="IPCC第六次評估報告(2021)",VLOOKUP(K31,'Factor Table 1'!$D$75:$P$169,13,FALSE),0))))),0),0) -> 90.4 | AH31: 0 | AI31: =IFERROR(IF(H31=1,IF(盤查結果!$F$6="IPCC第二次評估報告（1995）",VLOOKUP(K31,'Factor Table 1'!$D$172:$P$172,9,FALSE),IF(盤查結果!$F$6="IPCC第三次評估報告(2001)",VLOOKUP(K31,'Factor Table 1'!$D$172:$P$172,10,FALSE),IF(盤查結果!$F$6="IPCC第四次評估報告(2007)",VLOOKUP(K31,'Factor Table 1'!$D$172:$P$172,11,FALSE),IF(盤查結果!$F$6="IPCC第五次評估報告(2013)",VLOOKUP(K31,'Factor Table 1'!$D$172:$P$172,12,FALSE),IF(盤查結果!$F$6="IPCC第六次評估報告(2021)",VLOOKUP(K31,'Factor Table 1'!$D$172:$P$172,13,FALSE),0))))),0),0) -> 0 | AJ31: =IFERROR(IF(H31=1,IF(盤查結果!$F$6="IPCC第二次評估報告（1995）",VLOOKUP(K31,'Factor Table 1'!$D$171:$P$171,9,FALSE),IF(盤查結果!$F$6="IPCC第三次評估報告(2001)",VLOOKUP(K31,'Factor Table 1'!$D$171:$P$171,10,FALSE),IF(盤查結果!$F$6="IPCC第四次評估報告(2007)",VLOOKUP(K31,'Factor Table 1'!$D$171:$P$171,11,FALSE),IF(盤查結果!$F$6="IPCC第五次評估報告(2013)",VLOOKUP(K31,'Factor Table 1'!$D$171:$P$171,12,FALSE),IF(盤查結果!$F$6="IPCC第六次評估報告(2021)",VLOOKUP(K31,'Factor Table 1'!$D$171:$P$171,13,FALSE),0))))),0),0) -> 0 | AK31: =$L31*V31*AD31 -> 0 | AL31: =$L31*W31*AE31 -> 0 | AM31: =$L31*X31*AF31 -> 0 | AN31: =$L31*Y31*AG31 -> 6.9708075 | AO31: =$L31*Z31*AH31 -> 0 | AP31: =$L31*AA31*AI31 -> 0 | AQ31: =$L31*AB31*AJ31 -> 0 | AR31: =ROUND(SUM(AK31:AQ31),4) -> 6.9708 | AS31: =AR31/($D$3+$Y$57+$Y$63) -> 0.014599592 | AT31: =AS31/($D$3+$D$55) -> 8.3016206e-06
G32: =IF(K32<>"","逸散排放","") -> 逸散排放 | H32: =IF(K32<>"",1,"") -> 1 | J32: 家用冷凍、冷藏裝備 | K32: R-600A | L32: 0.000159 | M32: 公噸 | N32: 冷煤明細表/銘牌 | O32: =IF(V32>0.0000000001,"V","") | P32: =IF(W32>0.0000000001,"V","") | Q32: =IF(X32>0.0000000001,"V","") | R32: =IF(Y32>0.0000000001,"V","") -> V | S32: =IF(Z32>0.0000000001,"V","") | T32: =IF(AA32>0.0000000001,"V","") | U32: =IF(AB32>0.0000000001,"V","") | V32: =IFERROR(ROUND(VLOOKUP($K32,'Factor Table 1'!$D$3:$AD$60,11,FALSE),10),0) -> 0 | W32: =IFERROR(ROUND(VLOOKUP($K32,'Factor Table 1'!$D$3:$AD$60,13,FALSE),10),0) -> 0 | X32: =IFERROR(ROUND(VLOOKUP($K32,'Factor Table 1'!$D$3:$AD$60,15,FALSE),10),0) -> 0 | Y32: =IFERROR(IF(OR(K32="CO2",K32="CH4",K32="N2O"),ROUND(VLOOKUP($K32,'Factor Table 1'!$D$3:$AD$69,17,FALSE),10),IFERROR(ROUND(VLOOKUP(J32,'Factor Table 1'!$C$3:$AD$69,18,FALSE),10),ROUND(VLOOKUP(K32,'Factor Table 1'!$D$3:$AD$69,17,FALSE),10))),0) -> 0.003 | Z32: 0 | AA32: =IFERROR(IF(K32="SF6",1,0),0) -> 0 | AB32: =IFERROR(IF(K32="NF3",1,0),0) -> 0 | AC32: =IFERROR(IF(OR(K32="CO2",K32="CH4",K32="N2O"),VLOOKUP($K32,'Factor Table 1'!$D$3:$AD$69,19,FALSE),IFERROR(VLOOKUP(J32,'Factor Table 1'!$C$3:$AD$69,20,FALSE),VLOOKUP(K32,'Factor Table 1'!$D$3:$AD$69,19,FALSE))),"") -> 環境部排放係管理表6.0.4 | AD32: =IF(H32=1,1,0) -> 1 | AE32: =IF(H32=1,IF(盤查結果!$F$6="IPCC第二次評估報告（1995）",'Factor Table 1'!$L$75,IF(盤查結果!$F$6="IPCC第三次評估報告(2001)",'Factor Table 1'!$M$75,IF(盤查結果!$F$6="IPCC第四次評估報告(2007)",'Factor Table 1'!$N$75,IF(盤查結果!$F$6="IPCC第五次評估報告(2013)",'Factor Table 1'!$O$75,IF(盤查結果!$F$6="IPCC第六次評估報告(2021)",'Factor Table 1'!$P$75,0))))),0) -> 27 | AF32: =IF(H32=1,IF(盤查結果!$F$6="IPCC第二次評估報告（1995）",'Factor Table 1'!$L$76,IF(盤查結果!$F$6="IPCC第三次評估報告(2001)",'Factor Table 1'!$M$76,IF(盤查結果!$F$6="IPCC第四次評估報告(2007)",'Factor Table 1'!$N$76,IF(盤查結果!$F$6="IPCC第五次評估報告(2013)",'Factor Table 1'!$O$76,IF(盤查結果!$F$6="IPCC第六次評估報告(2021)",'Factor Table 1'!$P$76,0))))),0) -> 273 | AG32: =IFERROR(IF(H32=1,IF(盤查結果!$F$6="IPCC第二次評估報告（1995）",VLOOKUP(K32,'Factor Table 1'!$D$75:$P$169,9,FALSE),IF(盤查結果!$F$6="IPCC第三次評估報告(2001)",VLOOKUP(K32,'Factor Table 1'!$D$75:$P$169,10,FALSE),IF(盤查結果!$F$6="IPCC第四次評估報告(2007)",VLOOKUP(K32,'Factor Table 1'!$D$75:$P$169,11,FALSE),IF(盤查結果!$F$6="IPCC第五次評估報告(2013)",VLOOKUP(K32,'Factor Table 1'!$D$75:$P$169,12,FALSE),IF(盤查結果!$F$6="IPCC第六次評估報告(2021)",VLOOKUP(K32,'Factor Table 1'!$D$75:$P$169,13,FALSE),0))))),0),0) -> 0 | AH32: 0 | AI32: =IFERROR(IF(H32=1,IF(盤查結果!$F$6="IPCC第二次評估報告（1995）",VLOOKUP(K32,'Factor Table 1'!$D$172:$P$172,9,FALSE),IF(盤查結果!$F$6="IPCC第三次評估報告(2001)",VLOOKUP(K32,'Factor Table 1'!$D$172:$P$172,10,FALSE),IF(盤查結果!$F$6="IPCC第四次評估報告(2007)",VLOOKUP(K32,'Factor Table 1'!$D$172:$P$172,11,FALSE),IF(盤查結果!$F$6="IPCC第五次評估報告(2013)",VLOOKUP(K32,'Factor Table 1'!$D$172:$P$172,12,FALSE),IF(盤查結果!$F$6="IPCC第六次評估報告(2021)",VLOOKUP(K32,'Factor Table 1'!$D$172:$P$172,13,FALSE),0))))),0),0) -> 0 | AJ32: =IFERROR(IF(H32=1,IF(盤查結果!$F$6="IPCC第二次評估報告（1995）",VLOOKUP(K32,'Factor Table 1'!$D$171:$P$171,9,FALSE),IF(盤查結果!$F$6="IPCC第三次評估報告(2001)",VLOOKUP(K32,'Factor Table 1'!$D$171:$P$171,10,FALSE),IF(盤查結果!$F$6="IPCC第四次評估報告(2007)",VLOOKUP(K32,'Factor Table 1'!$D$171:$P$171,11,FALSE),IF(盤查結果!$F$6="IPCC第五次評估報告(2013)",VLOOKUP(K32,'Factor Table 1'!$D$171:$P$171,12,FALSE),IF(盤查結果!$F$6="IPCC第六次評估報告(2021)",VLOOKUP(K32,'Factor Table 1'!$D$171:$P$171,13,FALSE),0))))),0),0) -> 0 | AK32: =$L32*V32*AD32 -> 0 | AL32: =$L32*W32*AE32 -> 0 | AM32: =$L32*X32*AF32 -> 0 | AN32: =$L32*Y32*AG32 -> 0 | AO32: =$L32*Z32*AH32 -> 0 | AP32: =$L32*AA32*AI32 -> 0 | AQ32: =$L32*AB32*AJ32 -> 0 | AR32: =ROUND(SUM(AK32:AQ32),4) -> 0 | AS32: =AR32/($D$3+$Y$57+$Y$63) -> 0 | AT32: =AS32/($D$3+$D$55) -> 0
G33: =IF(K33<>"","逸散排放","") -> 逸散排放 | H33: =IF(K33<>"",1,"") -> 1 | J33: 住宅及商業建築冷氣機 | K33: R-410A | L33: 0.01966 | M33: 公噸 | N33: 冷煤明細表/銘牌 | O33: =IF(V33>0.0000000001,"V","") | P33: =IF(W33>0.0000000001,"V","") | Q33: =IF(X33>0.0000000001,"V","") | R33: =IF(Y33>0.0000000001,"V","") -> V | S33: =IF(Z33>0.0000000001,"V","") | T33: =IF(AA33>0.0000000001,"V","") | U33: =IF(AB33>0.0000000001,"V","") | V33: =IFERROR(ROUND(VLOOKUP($K33,'Factor Table 1'!$D$3:$AD$60,11,FALSE),10),0) -> 0 | W33: =IFERROR(ROUND(VLOOKUP($K33,'Factor Table 1'!$D$3:$AD$60,13,FALSE),10),0) -> 0 | X33: =IFERROR(ROUND(VLOOKUP($K33,'Factor Table 1'!$D$3:$AD$60,15,FALSE),10),0) -> 0 | Y33: =IFERROR(IF(OR(K33="CO2",K33="CH4",K33="N2O"),ROUND(VLOOKUP($K33,'Factor Table 1'!$D$3:$AD$69,17,FALSE),10),IFERROR(ROUND(VLOOKUP(J33,'Factor Table 1'!$C$3:$AD$69,18,FALSE),10),ROUND(VLOOKUP(K33,'Factor Table 1'!$D$3:$AD$69,17,FALSE),10))),0) -> 0.055 | Z33: 0 | AA33: =IFERROR(IF(K33="SF6",1,0),0) -> 0 | AB33: =IFERROR(IF(K33="NF3",1,0),0) -> 0 | AC33: =IFERROR(IF(OR(K33="CO2",K33="CH4",K33="N2O"),VLOOKUP($K33,'Factor Table 1'!$D$3:$AD$69,19,FALSE),IFERROR(VLOOKUP(J33,'Factor Table 1'!$C$3:$AD$69,20,FALSE),VLOOKUP(K33,'Factor Table 1'!$D$3:$AD$69,19,FALSE))),"") -> 環境部排放係管理表6.0.4 | AD33: =IF(H33=1,1,0) -> 1 | AE33: =IF(H33=1,IF(盤查結果!$F$6="IPCC第二次評估報告（1995）",'Factor Table 1'!$L$75,IF(盤查結果!$F$6="IPCC第三次評估報告(2001)",'Factor Table 1'!$M$75,IF(盤查結果!$F$6="IPCC第四次評估報告(2007)",'Factor Table 1'!$N$75,IF(盤查結果!$F$6="IPCC第五次評估報告(2013)",'Factor Table 1'!$O$75,IF(盤查結果!$F$6="IPCC第六次評估報告(2021)",'Factor Table 1'!$P$75,0))))),0) -> 27 | AF33: =IF(H33=1,IF(盤查結果!$F$6="IPCC第二次評估報告（1995）",'Factor Table 1'!$L$76,IF(盤查結果!$F$6="IPCC第三次評估報告(2001)",'Factor Table 1'!$M$76,IF(盤查結果!$F$6="IPCC第四次評估報告(2007)",'Factor Table 1'!$N$76,IF(盤查結果!$F$6="IPCC第五次評估報告(2013)",'Factor Table 1'!$O$76,IF(盤查結果!$F$6="IPCC第六次評估報告(2021)",'Factor Table 1'!$P$76,0))))),0) -> 273 | AG33: =IFERROR(IF(H33=1,IF(盤查結果!$F$6="IPCC第二次評估報告（1995）",VLOOKUP(K33,'Factor Table 1'!$D$75:$P$169,9,FALSE),IF(盤查結果!$F$6="IPCC第三次評估報告(2001)",VLOOKUP(K33,'Factor Table 1'!$D$75:$P$169,10,FALSE),IF(盤查結果!$F$6="IPCC第四次評估報告(2007)",VLOOKUP(K33,'Factor Table 1'!$D$75:$P$169,11,FALSE),IF(盤查結果!$F$6="IPCC第五次評估報告(2013)",VLOOKUP(K33,'Factor Table 1'!$D$75:$P$169,12,FALSE),IF(盤查結果!$F$6="IPCC第六次評估報告(2021)",VLOOKUP(K33,'Factor Table 1'!$D$75:$P$169,13,FALSE),0))))),0),0) -> 2255.5 | AH33: 0 | AI33: =IFERROR(IF(H33=1,IF(盤查結果!$F$6="IPCC第二次評估報告（1995）",VLOOKUP(K33,'Factor Table 1'!$D$172:$P$172,9,FALSE),IF(盤查結果!$F$6="IPCC第三次評估報告(2001)",VLOOKUP(K33,'Factor Table 1'!$D$172:$P$172,10,FALSE),IF(盤查結果!$F$6="IPCC第四次評估報告(2007)",VLOOKUP(K33,'Factor Table 1'!$D$172:$P$172,11,FALSE),IF(盤查結果!$F$6="IPCC第五次評估報告(2013)",VLOOKUP(K33,'Factor Table 1'!$D$172:$P$172,12,FALSE),IF(盤查結果!$F$6="IPCC第六次評估報告(2021)",VLOOKUP(K33,'Factor Table 1'!$D$172:$P$172,13,FALSE),0))))),0),0) -> 0 | AJ33: =IFERROR(IF(H33=1,IF(盤查結果!$F$6="IPCC第二次評估報告（1995）",VLOOKUP(K33,'Factor Table 1'!$D$171:$P$171,9,FALSE),IF(盤查結果!$F$6="IPCC第三次評估報告(2001)",VLOOKUP(K33,'Factor Table 1'!$D$171:$P$171,10,FALSE),IF(盤查結果!$F$6="IPCC第四次評估報告(2007)",VLOOKUP(K33,'Factor Table 1'!$D$171:$P$171,11,FALSE),IF(盤查結果!$F$6="IPCC第五次評估報告(2013)",VLOOKUP(K33,'Factor Table 1'!$D$171:$P$171,12,FALSE),IF(盤查結果!$F$6="IPCC第六次評估報告(2021)",VLOOKUP(K33,'Factor Table 1'!$D$171:$P$171,13,FALSE),0))))),0),0) -> 0 | AK33: =$L33*V33*AD33 -> 0 | AL33: =$L33*W33*AE33 -> 0 | AM33: =$L33*X33*AF33 -> 0 | AN33: =$L33*Y33*AG33 -> 2.4388722 | AO33: =$L33*Z33*AH33 -> 0 | AP33: =$L33*AA33*AI33 -> 0 | AQ33: =$L33*AB33*AJ33 -> 0 | AR33: =ROUND(SUM(AK33:AQ33),4) -> 2.4389 | AS33: =AR33/($D$3+$Y$57+$Y$63) -> 0.0051080141 | AT33: =AS33/($D$3+$D$55) -> 2.9045192e-06
G34: =IF(K34<>"","逸散排放","") -> 逸散排放 | H34: =IF(K34<>"",1,"") -> 1 | J34: 住宅及商業建築冷氣機 | K34: R22 | L34: 0.00156 | M34: 公噸 | N34: 冷煤明細表/銘牌 | O34: =IF(V34>0.0000000001,"V","") | P34: =IF(W34>0.0000000001,"V","") | Q34: =IF(X34>0.0000000001,"V","") | R34: =IF(Y34>0.0000000001,"V","") -> V | S34: =IF(Z34>0.0000000001,"V","") | T34: =IF(AA34>0.0000000001,"V","") | U34: =IF(AB34>0.0000000001,"V","") | V34: =IFERROR(ROUND(VLOOKUP($K34,'Factor Table 1'!$D$3:$AD$60,11,FALSE),10),0) -> 0 | W34: =IFERROR(ROUND(VLOOKUP($K34,'Factor Table 1'!$D$3:$AD$60,13,FALSE),10),0) -> 0 | X34: =IFERROR(ROUND(VLOOKUP($K34,'Factor Table 1'!$D$3:$AD$60,15,FALSE),10),0) -> 0 | Y34: =IFERROR(IF(OR(K34="CO2",K34="CH4",K34="N2O"),ROUND(VLOOKUP($K34,'Factor Table 1'!$D$3:$AD$69,17,FALSE),10),IFERROR(ROUND(VLOOKUP(J34,'Factor Table 1'!$C$3:$AD$69,18,FALSE),10),ROUND(VLOOKUP(K34,'Factor Table 1'!$D$3:$AD$69,17,FALSE),10))),0) -> 0.055 | Z34: 0 | AA34: =IFERROR(IF(K34="SF6",1,0),0) -> 0 | AB34: =IFERROR(IF(K34="NF3",1,0),0) -> 0 | AC34: =IFERROR(IF(OR(K34="CO2",K34="CH4",K34="N2O"),VLOOKUP($K34,'Factor Table 1'!$D$3:$AD$69,19,FALSE),IFERROR(VLOOKUP(J34,'Factor Table 1'!$C$3:$AD$69,20,FALSE),VLOOKUP(K34,'Factor Table 1'!$D$3:$AD$69,19,FALSE))),"") -> 環境部排放係管理表6.0.4 | AD34: =IF(H34=1,1,0) -> 1 | AE34: =IF(H34=1,IF(盤查結果!$F$6="IPCC第二次評估報告（1995）",'Factor Table 1'!$L$75,IF(盤查結果!$F$6="IPCC第三次評估報告(2001)",'Factor Table 1'!$M$75,IF(盤查結果!$F$6="IPCC第四次評估報告(2007)",'Factor Table 1'!$N$75,IF(盤查結果!$F$6="IPCC第五次評估報告(2013)",'Factor Table 1'!$O$75,IF(盤查結果!$F$6="IPCC第六次評估報告(2021)",'Factor Table 1'!$P$75,0))))),0) -> 27 | AF34: =IF(H34=1,IF(盤查結果!$F$6="IPCC第二次評估報告（1995）",'Factor Table 1'!$L$76,IF(盤查結果!$F$6="IPCC第三次評估報告(2001)",'Factor Table 1'!$M$76,IF(盤查結果!$F$6="IPCC第四次評估報告(2007)",'Factor Table 1'!$N$76,IF(盤查結果!$F$6="IPCC第五次評估報告(2013)",'Factor Table 1'!$O$76,IF(盤查結果!$F$6="IPCC第六次評估報告(2021)",'Factor Table 1'!$P$76,0))))),0) -> 273 | AG34: =IFERROR(IF(H34=1,IF(盤查結果!$F$6="IPCC第二次評估報告（1995）",VLOOKUP(K34,'Factor Table 1'!$D$75:$P$169,9,FALSE),IF(盤查結果!$F$6="IPCC第三次評估報告(2001)",VLOOKUP(K34,'Factor Table 1'!$D$75:$P$169,10,FALSE),IF(盤查結果!$F$6="IPCC第四次評估報告(2007)",VLOOKUP(K34,'Factor Table 1'!$D$75:$P$169,11,FALSE),IF(盤查結果!$F$6="IPCC第五次評估報告(2013)",VLOOKUP(K34,'Factor Table 1'!$D$75:$P$169,12,FALSE),IF(盤查結果!$F$6="IPCC第六次評估報告(2021)",VLOOKUP(K34,'Factor Table 1'!$D$75:$P$169,13,FALSE),0))))),0),0) -> 1960 | AH34: 0 | AI34: =IFERROR(IF(H34=1,IF(盤查結果!$F$6="IPCC第二次評估報告（1995）",VLOOKUP(K34,'Factor Table 1'!$D$172:$P$172,9,FALSE),IF(盤查結果!$F$6="IPCC第三次評估報告(2001)",VLOOKUP(K34,'Factor Table 1'!$D$172:$P$172,10,FALSE),IF(盤查結果!$F$6="IPCC第四次評估報告(2007)",VLOOKUP(K34,'Factor Table 1'!$D$172:$P$172,11,FALSE),IF(盤查結果!$F$6="IPCC第五次評估報告(2013)",VLOOKUP(K34,'Factor Table 1'!$D$172:$P$172,12,FALSE),IF(盤查結果!$F$6="IPCC第六次評估報告(2021)",VLOOKUP(K34,'Factor Table 1'!$D$172:$P$172,13,FALSE),0))))),0),0) -> 0 | AJ34: =IFERROR(IF(H34=1,IF(盤查結果!$F$6="IPCC第二次評估報告（1995）",VLOOKUP(K34,'Factor Table 1'!$D$171:$P$171,9,FALSE),IF(盤查結果!$F$6="IPCC第三次評估報告(2001)",VLOOKUP(K34,'Factor Table 1'!$D$171:$P$171,10,FALSE),IF(盤查結果!$F$6="IPCC第四次評估報告(2007)",VLOOKUP(K34,'Factor Table 1'!$D$171:$P$171,11,FALSE),IF(盤查結果!$F$6="IPCC第五次評估報告(2013)",VLOOKUP(K34,'Factor Table 1'!$D$171:$P$171,12,FALSE),IF(盤查結果!$F$6="IPCC第六次評估報告(2021)",VLOOKUP(K34,'Factor Table 1'!$D$171:$P$171,13,FALSE),0))))),0),0) -> 0 | AK34: =$L34*V34*AD34 -> 0 | AL34: =$L34*W34*AE34 -> 0 | AM34: =$L34*X34*AF34 -> 0 | AN34: =$L34*Y34*AG34 -> 0.168168 | AO34: =$L34*Z34*AH34 -> 0 | AP34: =$L34*AA34*AI34 -> 0 | AQ34: =$L34*AB34*AJ34 -> 0 | AR34: =ROUND(SUM(AK34:AQ34),4) -> 0.1682 | AS34: =AR34/($D$3+$Y$57+$Y$63) -> 0.00035227684 | AT34: =AS34/($D$3+$D$55) -> 2.0031167e-07
G35: =IF(K35<>"","逸散排放","") -> 逸散排放 | H35: =IF(K35<>"",1,"") -> 1 | J35: 工業冷凍、冷藏裝備，包括食品加工及冷藏 | K35: R-404A | L35: 0.00155 | M35: 公噸 | N35: 冷煤明細表/銘牌 | O35: =IF(V35>0.0000000001,"V","") | P35: =IF(W35>0.0000000001,"V","") | Q35: =IF(X35>0.0000000001,"V","") | R35: =IF(Y35>0.0000000001,"V","") -> V | S35: =IF(Z35>0.0000000001,"V","") | T35: =IF(AA35>0.0000000001,"V","") | U35: =IF(AB35>0.0000000001,"V","") | V35: =IFERROR(ROUND(VLOOKUP($K35,'Factor Table 1'!$D$3:$AD$60,11,FALSE),10),0) -> 0 | W35: =IFERROR(ROUND(VLOOKUP($K35,'Factor Table 1'!$D$3:$AD$60,13,FALSE),10),0) -> 0 | X35: =IFERROR(ROUND(VLOOKUP($K35,'Factor Table 1'!$D$3:$AD$60,15,FALSE),10),0) -> 0 | Y35: =IFERROR(IF(OR(K35="CO2",K35="CH4",K35="N2O"),ROUND(VLOOKUP($K35,'Factor Table 1'!$D$3:$AD$69,17,FALSE),10),IFERROR(ROUND(VLOOKUP(J35,'Factor Table 1'!$C$3:$AD$69,18,FALSE),10),ROUND(VLOOKUP(K35,'Factor Table 1'!$D$3:$AD$69,17,FALSE),10))),0) -> 0.16 | Z35: 0 | AA35: =IFERROR(IF(K35="SF6",1,0),0) -> 0 | AB35: =IFERROR(IF(K35="NF3",1,0),0) -> 0 | AC35: =IFERROR(IF(OR(K35="CO2",K35="CH4",K35="N2O"),VLOOKUP($K35,'Factor Table 1'!$D$3:$AD$69,19,FALSE),IFERROR(VLOOKUP(J35,'Factor Table 1'!$C$3:$AD$69,20,FALSE),VLOOKUP(K35,'Factor Table 1'!$D$3:$AD$69,19,FALSE))),"") -> 環境部排放係管理表6.0.4 | AD35: =IF(H35=1,1,0) -> 1 | AE35: =IF(H35=1,IF(盤查結果!$F$6="IPCC第二次評估報告（1995）",'Factor Table 1'!$L$75,IF(盤查結果!$F$6="IPCC第三次評估報告(2001)",'Factor Table 1'!$M$75,IF(盤查結果!$F$6="IPCC第四次評估報告(2007)",'Factor Table 1'!$N$75,IF(盤查結果!$F$6="IPCC第五次評估報告(2013)",'Factor Table 1'!$O$75,IF(盤查結果!$F$6="IPCC第六次評估報告(2021)",'Factor Table 1'!$P$75,0))))),0) -> 27 | AF35: =IF(H35=1,IF(盤查結果!$F$6="IPCC第二次評估報告（1995）",'Factor Table 1'!$L$76,IF(盤查結果!$F$6="IPCC第三次評估報告(2001)",'Factor Table 1'!$M$76,IF(盤查結果!$F$6="IPCC第四次評估報告(2007)",'Factor Table 1'!$N$76,IF(盤查結果!$F$6="IPCC第五次評估報告(2013)",'Factor Table 1'!$O$76,IF(盤查結果!$F$6="IPCC第六次評估報告(2021)",'Factor Table 1'!$P$76,0))))),0) -> 273 | AG35: =IFERROR(IF(H35=1,IF(盤查結果!$F$6="IPCC第二次評估報告（1995）",VLOOKUP(K35,'Factor Table 1'!$D$75:$P$169,9,FALSE),IF(盤查結果!$F$6="IPCC第三次評估報告(2001)",VLOOKUP(K35,'Factor Table 1'!$D$75:$P$169,10,FALSE),IF(盤查結果!$F$6="IPCC第四次評估報告(2007)",VLOOKUP(K35,'Factor Table 1'!$D$75:$P$169,11,FALSE),IF(盤查結果!$F$6="IPCC第五次評估報告(2013)",VLOOKUP(K35,'Factor Table 1'!$D$75:$P$169,12,FALSE),IF(盤查結果!$F$6="IPCC第六次評估報告(2021)",VLOOKUP(K35,'Factor Table 1'!$D$75:$P$169,13,FALSE),0))))),0),0) -> 4728 | AH35: 0 | AI35: =IFERROR(IF(H35=1,IF(盤查結果!$F$6="IPCC第二次評估報告（1995）",VLOOKUP(K35,'Factor Table 1'!$D$172:$P$172,9,FALSE),IF(盤查結果!$F$6="IPCC第三次評估報告(2001)",VLOOKUP(K35,'Factor Table 1'!$D$172:$P$172,10,FALSE),IF(盤查結果!$F$6="IPCC第四次評估報告(2007)",VLOOKUP(K35,'Factor Table 1'!$D$172:$P$172,11,FALSE),IF(盤查結果!$F$6="IPCC第五次評估報告(2013)",VLOOKUP(K35,'Factor Table 1'!$D$172:$P$172,12,FALSE),IF(盤查結果!$F$6="IPCC第六次評估報告(2021)",VLOOKUP(K35,'Factor Table 1'!$D$172:$P$172,13,FALSE),0))))),0),0) -> 0 | AJ35: =IFERROR(IF(H35=1,IF(盤查結果!$F$6="IPCC第二次評估報告（1995）",VLOOKUP(K35,'Factor Table 1'!$D$171:$P$171,9,FALSE),IF(盤查結果!$F$6="IPCC第三次評估報告(2001)",VLOOKUP(K35,'Factor Table 1'!$D$171:$P$171,10,FALSE),IF(盤查結果!$F$6="IPCC第四次評估報告(2007)",VLOOKUP(K35,'Factor Table 1'!$D$171:$P$171,11,FALSE),IF(盤查結果!$F$6="IPCC第五次評估報告(2013)",VLOOKUP(K35,'Factor Table 1'!$D$171:$P$171,12,FALSE),IF(盤查結果!$F$6="IPCC第六次評估報告(2021)",VLOOKUP(K35,'Factor Table 1'!$D$171:$P$171,13,FALSE),0))))),0),0) -> 0 | AK35: =$L35*V35*AD35 -> 0 | AL35: =$L35*W35*AE35 -> 0 | AM35: =$L35*X35*AF35 -> 0 | AN35: =$L35*Y35*AG35 -> 1.172544 | AO35: =$L35*Z35*AH35 -> 0 | AP35: =$L35*AA35*AI35 -> 0 | AQ35: =$L35*AB35*AJ35 -> 0 | AR35: =ROUND(SUM(AK35:AQ35),4) -> 1.1725 | AS35: =AR35/($D$3+$Y$57+$Y$63) -> 0.0024556753 | AT35: =AS35/($D$3+$D$55) -> 1.3963462e-06
G36: =IF(K36<>"","逸散排放","") -> 逸散排放 | H36: =IF(K36<>"",1,"") -> 1 | J36: 工業冷凍、冷藏裝備，包括食品加工及冷藏 | K36: R-407C | L36: 0.00105 | M36: 公噸 | N36: 冷煤明細表/銘牌 | O36: =IF(V36>0.0000000001,"V","") | P36: =IF(W36>0.0000000001,"V","") | Q36: =IF(X36>0.0000000001,"V","") | R36: =IF(Y36>0.0000000001,"V","") -> V | S36: =IF(Z36>0.0000000001,"V","") | T36: =IF(AA36>0.0000000001,"V","") | U36: =IF(AB36>0.0000000001,"V","") | V36: =IFERROR(ROUND(VLOOKUP($K36,'Factor Table 1'!$D$3:$AD$60,11,FALSE),10),0) -> 0 | W36: =IFERROR(ROUND(VLOOKUP($K36,'Factor Table 1'!$D$3:$AD$60,13,FALSE),10),0) -> 0 | X36: =IFERROR(ROUND(VLOOKUP($K36,'Factor Table 1'!$D$3:$AD$60,15,FALSE),10),0) -> 0 | Y36: =IFERROR(IF(OR(K36="CO2",K36="CH4",K36="N2O"),ROUND(VLOOKUP($K36,'Factor Table 1'!$D$3:$AD$69,17,FALSE),10),IFERROR(ROUND(VLOOKUP(J36,'Factor Table 1'!$C$3:$AD$69,18,FALSE),10),ROUND(VLOOKUP(K36,'Factor Table 1'!$D$3:$AD$69,17,FALSE),10))),0) -> 0.16 | Z36: 0 | AA36: =IFERROR(IF(K36="SF6",1,0),0) -> 0 | AB36: =IFERROR(IF(K36="NF3",1,0),0) -> 0 | AC36: =IFERROR(IF(OR(K36="CO2",K36="CH4",K36="N2O"),VLOOKUP($K36,'Factor Table 1'!$D$3:$AD$69,19,FALSE),IFERROR(VLOOKUP(J36,'Factor Table 1'!$C$3:$AD$69,20,FALSE),VLOOKUP(K36,'Factor Table 1'!$D$3:$AD$69,19,FALSE))),"") -> 環境部排放係管理表6.0.4 | AD36: =IF(H36=1,1,0) -> 1 | AE36: =IF(H36=1,IF(盤查結果!$F$6="IPCC第二次評估報告（1995）",'Factor Table 1'!$L$75,IF(盤查結果!$F$6="IPCC第三次評估報告(2001)",'Factor Table 1'!$M$75,IF(盤查結果!$F$6="IPCC第四次評估報告(2007)",'Factor Table 1'!$N$75,IF(盤查結果!$F$6="IPCC第五次評估報告(2013)",'Factor Table 1'!$O$75,IF(盤查結果!$F$6="IPCC第六次評估報告(2021)",'Factor Table 1'!$P$75,0))))),0) -> 27 | AF36: =IF(H36=1,IF(盤查結果!$F$6="IPCC第二次評估報告（1995）",'Factor Table 1'!$L$76,IF(盤查結果!$F$6="IPCC第三次評估報告(2001)",'Factor Table 1'!$M$76,IF(盤查結果!$F$6="IPCC第四次評估報告(2007)",'Factor Table 1'!$N$76,IF(盤查結果!$F$6="IPCC第五次評估報告(2013)",'Factor Table 1'!$O$76,IF(盤查結果!$F$6="IPCC第六次評估報告(2021)",'Factor Table 1'!$P$76,0))))),0) -> 273 | AG36: =IFERROR(IF(H36=1,IF(盤查結果!$F$6="IPCC第二次評估報告（1995）",VLOOKUP(K36,'Factor Table 1'!$D$75:$P$169,9,FALSE),IF(盤查結果!$F$6="IPCC第三次評估報告(2001)",VLOOKUP(K36,'Factor Table 1'!$D$75:$P$169,10,FALSE),IF(盤查結果!$F$6="IPCC第四次評估報告(2007)",VLOOKUP(K36,'Factor Table 1'!$D$75:$P$169,11,FALSE),IF(盤查結果!$F$6="IPCC第五次評估報告(2013)",VLOOKUP(K36,'Factor Table 1'!$D$75:$P$169,12,FALSE),IF(盤查結果!$F$6="IPCC第六次評估報告(2021)",VLOOKUP(K36,'Factor Table 1'!$D$75:$P$169,13,FALSE),0))))),0),0) -> 1907.93 | AH36: 0 | AI36: =IFERROR(IF(H36=1,IF(盤查結果!$F$6="IPCC第二次評估報告（1995）",VLOOKUP(K36,'Factor Table 1'!$D$172:$P$172,9,FALSE),IF(盤查結果!$F$6="IPCC第三次評估報告(2001)",VLOOKUP(K36,'Factor Table 1'!$D$172:$P$172,10,FALSE),IF(盤查結果!$F$6="IPCC第四次評估報告(2007)",VLOOKUP(K36,'Factor Table 1'!$D$172:$P$172,11,FALSE),IF(盤查結果!$F$6="IPCC第五次評估報告(2013)",VLOOKUP(K36,'Factor Table 1'!$D$172:$P$172,12,FALSE),IF(盤查結果!$F$6="IPCC第六次評估報告(2021)",VLOOKUP(K36,'Factor Table 1'!$D$172:$P$172,13,FALSE),0))))),0),0) -> 0 | AJ36: =IFERROR(IF(H36=1,IF(盤查結果!$F$6="IPCC第二次評估報告（1995）",VLOOKUP(K36,'Factor Table 1'!$D$171:$P$171,9,FALSE),IF(盤查結果!$F$6="IPCC第三次評估報告(2001)",VLOOKUP(K36,'Factor Table 1'!$D$171:$P$171,10,FALSE),IF(盤查結果!$F$6="IPCC第四次評估報告(2007)",VLOOKUP(K36,'Factor Table 1'!$D$171:$P$171,11,FALSE),IF(盤查結果!$F$6="IPCC第五次評估報告(2013)",VLOOKUP(K36,'Factor Table 1'!$D$171:$P$171,12,FALSE),IF(盤查結果!$F$6="IPCC第六次評估報告(2021)",VLOOKUP(K36,'Factor Table 1'!$D$171:$P$171,13,FALSE),0))))),0),0) -> 0 | AK36: =$L36*V36*AD36 -> 0 | AL36: =$L36*W36*AE36 -> 0 | AM36: =$L36*X36*AF36 -> 0 | AN36: =$L36*Y36*AG36 -> 0.32053224 | AO36: =$L36*Z36*AH36 -> 0 | AP36: =$L36*AA36*AI36 -> 0 | AQ36: =$L36*AB36*AJ36 -> 0 | AR36: =ROUND(SUM(AK36:AQ36),4) -> 0.3205 | AS36: =AR36/($D$3+$Y$57+$Y$63) -> 0.00067125283 | AT36: =AS36/($D$3+$D$55) -> 3.8168781e-07
G37: =IF(K37<>"","逸散排放","") -> 逸散排放 | H37: =IF(K37<>"",1,"") -> 1 | J37: 家用冷凍、冷藏裝備 | K37: R134a | L37: 0.001606 | M37: 公噸 | N37: 冷煤明細表/銘牌 | O37: =IF(V37>0.0000000001,"V","") | P37: =IF(W37>0.0000000001,"V","") | Q37: =IF(X37>0.0000000001,"V","") | R37: =IF(Y37>0.0000000001,"V","") -> V | S37: =IF(Z37>0.0000000001,"V","") | T37: =IF(AA37>0.0000000001,"V","") | U37: =IF(AB37>0.0000000001,"V","") | V37: =IFERROR(ROUND(VLOOKUP($K37,'Factor Table 1'!$D$3:$AD$60,11,FALSE),10),0) -> 0 | W37: =IFERROR(ROUND(VLOOKUP($K37,'Factor Table 1'!$D$3:$AD$60,13,FALSE),10),0) -> 0 | X37: =IFERROR(ROUND(VLOOKUP($K37,'Factor Table 1'!$D$3:$AD$60,15,FALSE),10),0) -> 0 | Y37: =IFERROR(IF(OR(K37="CO2",K37="CH4",K37="N2O"),ROUND(VLOOKUP($K37,'Factor Table 1'!$D$3:$AD$69,17,FALSE),10),IFERROR(ROUND(VLOOKUP(J37,'Factor Table 1'!$C$3:$AD$69,18,FALSE),10),ROUND(VLOOKUP(K37,'Factor Table 1'!$D$3:$AD$69,17,FALSE),10))),0) -> 0.003 | Z37: 0 | AA37: =IFERROR(IF(K37="SF6",1,0),0) -> 0 | AB37: =IFERROR(IF(K37="NF3",1,0),0) -> 0 | AC37: =IFERROR(IF(OR(K37="CO2",K37="CH4",K37="N2O"),VLOOKUP($K37,'Factor Table 1'!$D$3:$AD$69,19,FALSE),IFERROR(VLOOKUP(J37,'Factor Table 1'!$C$3:$AD$69,20,FALSE),VLOOKUP(K37,'Factor Table 1'!$D$3:$AD$69,19,FALSE))),"") -> 環境部排放係管理表6.0.4 | AD37: =IF(H37=1,1,0) -> 1 | AE37: =IF(H37=1,IF(盤查結果!$F$6="IPCC第二次評估報告（1995）",'Factor Table 1'!$L$75,IF(盤查結果!$F$6="IPCC第三次評估報告(2001)",'Factor Table 1'!$M$75,IF(盤查結果!$F$6="IPCC第四次評估報告(2007)",'Factor Table 1'!$N$75,IF(盤查結果!$F$6="IPCC第五次評估報告(2013)",'Factor Table 1'!$O$75,IF(盤查結果!$F$6="IPCC第六次評估報告(2021)",'Factor Table 1'!$P$75,0))))),0) -> 27 | AF37: =IF(H37=1,IF(盤查結果!$F$6="IPCC第二次評估報告（1995）",'Factor Table 1'!$L$76,IF(盤查結果!$F$6="IPCC第三次評估報告(2001)",'Factor Table 1'!$M$76,IF(盤查結果!$F$6="IPCC第四次評估報告(2007)",'Factor Table 1'!$N$76,IF(盤查結果!$F$6="IPCC第五次評估報告(2013)",'Factor Table 1'!$O$76,IF(盤查結果!$F$6="IPCC第六次評估報告(2021)",'Factor Table 1'!$P$76,0))))),0) -> 273 | AG37: =IFERROR(IF(H37=1,IF(盤查結果!$F$6="IPCC第二次評估報告（1995）",VLOOKUP(K37,'Factor Table 1'!$D$75:$P$169,9,FALSE),IF(盤查結果!$F$6="IPCC第三次評估報告(2001)",VLOOKUP(K37,'Factor Table 1'!$D$75:$P$169,10,FALSE),IF(盤查結果!$F$6="IPCC第四次評估報告(2007)",VLOOKUP(K37,'Factor Table 1'!$D$75:$P$169,11,FALSE),IF(盤查結果!$F$6="IPCC第五次評估報告(2013)",VLOOKUP(K37,'Factor Table 1'!$D$75:$P$169,12,FALSE),IF(盤查結果!$F$6="IPCC第六次評估報告(2021)",VLOOKUP(K37,'Factor Table 1'!$D$75:$P$169,13,FALSE),0))))),0),0) -> 1530 | AH37: 0 | AI37: =IFERROR(IF(H37=1,IF(盤查結果!$F$6="IPCC第二次評估報告（1995）",VLOOKUP(K37,'Factor Table 1'!$D$172:$P$172,9,FALSE),IF(盤查結果!$F$6="IPCC第三次評估報告(2001)",VLOOKUP(K37,'Factor Table 1'!$D$172:$P$172,10,FALSE),IF(盤查結果!$F$6="IPCC第四次評估報告(2007)",VLOOKUP(K37,'Factor Table 1'!$D$172:$P$172,11,FALSE),IF(盤查結果!$F$6="IPCC第五次評估報告(2013)",VLOOKUP(K37,'Factor Table 1'!$D$172:$P$172,12,FALSE),IF(盤查結果!$F$6="IPCC第六次評估報告(2021)",VLOOKUP(K37,'Factor Table 1'!$D$172:$P$172,13,FALSE),0))))),0),0) -> 0 | AJ37: =IFERROR(IF(H37=1,IF(盤查結果!$F$6="IPCC第二次評估報告（1995）",VLOOKUP(K37,'Factor Table 1'!$D$171:$P$171,9,FALSE),IF(盤查結果!$F$6="IPCC第三次評估報告(2001)",VLOOKUP(K37,'Factor Table 1'!$D$171:$P$171,10,FALSE),IF(盤查結果!$F$6="IPCC第四次評估報告(2007)",VLOOKUP(K37,'Factor Table 1'!$D$171:$P$171,11,FALSE),IF(盤查結果!$F$6="IPCC第五次評估報告(2013)",VLOOKUP(K37,'Factor Table 1'!$D$171:$P$171,12,FALSE),IF(盤查結果!$F$6="IPCC第六次評估報告(2021)",VLOOKUP(K37,'Factor Table 1'!$D$171:$P$171,13,FALSE),0))))),0),0) -> 0 | AK37: =$L37*V37*AD37 -> 0 | AL37: =$L37*W37*AE37 -> 0 | AM37: =$L37*X37*AF37 -> 0 | AN37: =$L37*Y37*AG37 -> 0.00737154 | AO37: =$L37*Z37*AH37 -> 0 | AP37: =$L37*AA37*AI37 -> 0 | AQ37: =$L37*AB37*AJ37 -> 0 | AR37: =ROUND(SUM(AK37:AQ37),4) -> 0.0074 | AS37: =AR37/($D$3+$Y$57+$Y$63) -> 1.5498505e-05 | AT37: =AS37/($D$3+$D$55) -> 8.8127607e-09
G38: =IF(K38<>"","逸散排放","") -> 逸散排放 | H38: =IF(K38<>"",1,"") -> 1 | J38: CO2滅火器 | K38: CO2 | L38: =4.5*7/1000 -> 0.0315 | M38: 公噸 | N38: 請購紀錄 | O38: =IF(V38>0.0000000001,"V","") -> V | P38: =IF(W38>0.0000000001,"V","") | Q38: =IF(X38>0.0000000001,"V","") | R38: =IF(Y38>0.0000000001,"V","") | S38: =IF(Z38>0.0000000001,"V","") | T38: =IF(AA38>0.0000000001,"V","") | U38: =IF(AB38>0.0000000001,"V","") | V38: =IFERROR(ROUND(VLOOKUP($K38,'Factor Table 1'!$D$3:$AD$60,11,FALSE),10),0) -> 1 | W38: =IFERROR(ROUND(VLOOKUP($K38,'Factor Table 1'!$D$3:$AD$60,13,FALSE),10),0) -> 0 | X38: =IFERROR(ROUND(VLOOKUP($K38,'Factor Table 1'!$D$3:$AD$60,15,FALSE),10),0) -> 0 | Y38: =IFERROR(IF(OR(K38="CO2",K38="CH4",K38="N2O"),ROUND(VLOOKUP($K38,'Factor Table 1'!$D$3:$AD$69,17,FALSE),10),IFERROR(ROUND(VLOOKUP(J38,'Factor Table 1'!$C$3:$AD$69,18,FALSE),10),ROUND(VLOOKUP(K38,'Factor Table 1'!$D$3:$AD$69,17,FALSE),10))),0) -> 0 | Z38: 0 | AA38: =IFERROR(IF(K38="SF6",1,0),0) -> 0 | AB38: =IFERROR(IF(K38="NF3",1,0),0) -> 0 | AC38: =IFERROR(IF(OR(K38="CO2",K38="CH4",K38="N2O"),VLOOKUP($K38,'Factor Table 1'!$D$3:$AD$69,19,FALSE),IFERROR(VLOOKUP(J38,'Factor Table 1'!$C$3:$AD$69,20,FALSE),VLOOKUP(K38,'Factor Table 1'!$D$3:$AD$69,19,FALSE))),"") -> 質量平衡 | AD38: =IF(H38=1,1,0) -> 1 | AE38: =IF(H38=1,IF(盤查結果!$F$6="IPCC第二次評估報告（1995）",'Factor Table 1'!$L$75,IF(盤查結果!$F$6="IPCC第三次評估報告(2001)",'Factor Table 1'!$M$75,IF(盤查結果!$F$6="IPCC第四次評估報告(2007)",'Factor Table 1'!$N$75,IF(盤查結果!$F$6="IPCC第五次評估報告(2013)",'Factor Table 1'!$O$75,IF(盤查結果!$F$6="IPCC第六次評估報告(2021)",'Factor Table 1'!$P$75,0))))),0) -> 27 | AF38: =IF(H38=1,IF(盤查結果!$F$6="IPCC第二次評估報告（1995）",'Factor Table 1'!$L$76,IF(盤查結果!$F$6="IPCC第三次評估報告(2001)",'Factor Table 1'!$M$76,IF(盤查結果!$F$6="IPCC第四次評估報告(2007)",'Factor Table 1'!$N$76,IF(盤查結果!$F$6="IPCC第五次評估報告(2013)",'Factor Table 1'!$O$76,IF(盤查結果!$F$6="IPCC第六次評估報告(2021)",'Factor Table 1'!$P$76,0))))),0) -> 273 | AG38: =IFERROR(IF(H38=1,IF(盤查結果!$F$6="IPCC第二次評估報告（1995）",VLOOKUP(K38,'Factor Table 1'!$D$75:$P$169,9,FALSE),IF(盤查結果!$F$6="IPCC第三次評估報告(2001)",VLOOKUP(K38,'Factor Table 1'!$D$75:$P$169,10,FALSE),IF(盤查結果!$F$6="IPCC第四次評估報告(2007)",VLOOKUP(K38,'Factor Table 1'!$D$75:$P$169,11,FALSE),IF(盤查結果!$F$6="IPCC第五次評估報告(2013)",VLOOKUP(K38,'Factor Table 1'!$D$75:$P$169,12,FALSE),IF(盤查結果!$F$6="IPCC第六次評估報告(2021)",VLOOKUP(K38,'Factor Table 1'!$D$75:$P$169,13,FALSE),0))))),0),0) -> 0 | AH38: 0 | AI38: =IFERROR(IF(H38=1,IF(盤查結果!$F$6="IPCC第二次評估報告（1995）",VLOOKUP(K38,'Factor Table 1'!$D$172:$P$172,9,FALSE),IF(盤查結果!$F$6="IPCC第三次評估報告(2001)",VLOOKUP(K38,'Factor Table 1'!$D$172:$P$172,10,FALSE),IF(盤查結果!$F$6="IPCC第四次評估報告(2007)",VLOOKUP(K38,'Factor Table 1'!$D$172:$P$172,11,FALSE),IF(盤查結果!$F$6="IPCC第五次評估報告(2013)",VLOOKUP(K38,'Factor Table 1'!$D$172:$P$172,12,FALSE),IF(盤查結果!$F$6="IPCC第六次評估報告(2021)",VLOOKUP(K38,'Factor Table 1'!$D$172:$P$172,13,FALSE),0))))),0),0) -> 0 | AJ38: =IFERROR(IF(H38=1,IF(盤查結果!$F$6="IPCC第二次評估報告（1995）",VLOOKUP(K38,'Factor Table 1'!$D$171:$P$171,9,FALSE),IF(盤查結果!$F$6="IPCC第三次評估報告(2001)",VLOOKUP(K38,'Factor Table 1'!$D$171:$P$171,10,FALSE),IF(盤查結果!$F$6="IPCC第四次評估報告(2007)",VLOOKUP(K38,'Factor Table 1'!$D$171:$P$171,11,FALSE),IF(盤查結果!$F$6="IPCC第五次評估報告(2013)",VLOOKUP(K38,'Factor Table 1'!$D$171:$P$171,12,FALSE),IF(盤查結果!$F$6="IPCC第六次評估報告(2021)",VLOOKUP(K38,'Factor Table 1'!$D$171:$P$171,13,FALSE),0))))),0),0) -> 0 | AK38: =$L38*V38*AD38 -> 0.0315 | AL38: =$L38*W38*AE38 -> 0 | AM38: =$L38*X38*AF38 -> 0 | AN38: =$L38*Y38*AG38 -> 0 | AO38: =$L38*Z38*AH38 -> 0 | AP38: =$L38*AA38*AI38 -> 0 | AQ38: =$L38*AB38*AJ38 -> 0 | AR38: =ROUND(SUM(AK38:AQ38),4) -> 0.0315 | AS38: =AR38/($D$3+$Y$57+$Y$63) -> 6.5973367e-05 | AT38: =AS38/($D$3+$D$55) -> 3.7513779e-08
G39: =IF(K39<>"","逸散排放","") -> 逸散排放 | H39: =IF(K39<>"",1,"") -> 1 | J39: 交通用冷凍、冷藏裝備 | K39: R43 | L39: 0.00043 | M39: 公噸 | N39: 冷煤明細表/銘牌 | O39: =IF(V39>0.0000000001,"V","") | P39: =IF(W39>0.0000000001,"V","") | Q39: =IF(X39>0.0000000001,"V","") | R39: =IF(Y39>0.0000000001,"V","") -> V | S39: =IF(Z39>0.0000000001,"V","") | T39: =IF(AA39>0.0000000001,"V","") | U39: =IF(AB39>0.0000000001,"V","") | V39: =IFERROR(ROUND(VLOOKUP($K39,'Factor Table 1'!$D$3:$AD$60,11,FALSE),10),0) -> 0 | W39: =IFERROR(ROUND(VLOOKUP($K39,'Factor Table 1'!$D$3:$AD$60,13,FALSE),10),0) -> 0 | X39: =IFERROR(ROUND(VLOOKUP($K39,'Factor Table 1'!$D$3:$AD$60,15,FALSE),10),0) -> 0 | Y39: =IFERROR(IF(OR(K39="CO2",K39="CH4",K39="N2O"),ROUND(VLOOKUP($K39,'Factor Table 1'!$D$3:$AD$69,17,FALSE),10),IFERROR(ROUND(VLOOKUP(J39,'Factor Table 1'!$C$3:$AD$69,18,FALSE),10),ROUND(VLOOKUP(K39,'Factor Table 1'!$D$3:$AD$69,17,FALSE),10))),0) -> 0.325 | Z39: 0 | AA39: =IFERROR(IF(K39="SF6",1,0),0) -> 0 | AB39: =IFERROR(IF(K39="NF3",1,0),0) -> 0 | AC39: =IFERROR(IF(OR(K39="CO2",K39="CH4",K39="N2O"),VLOOKUP($K39,'Factor Table 1'!$D$3:$AD$69,19,FALSE),IFERROR(VLOOKUP(J39,'Factor Table 1'!$C$3:$AD$69,20,FALSE),VLOOKUP(K39,'Factor Table 1'!$D$3:$AD$69,19,FALSE))),"") -> 環境部排放係管理表6.0.4 | AD39: =IF(H39=1,1,0) -> 1 | AE39: =IF(H39=1,IF(盤查結果!$F$6="IPCC第二次評估報告（1995）",'Factor Table 1'!$L$75,IF(盤查結果!$F$6="IPCC第三次評估報告(2001)",'Factor Table 1'!$M$75,IF(盤查結果!$F$6="IPCC第四次評估報告(2007)",'Factor Table 1'!$N$75,IF(盤查結果!$F$6="IPCC第五次評估報告(2013)",'Factor Table 1'!$O$75,IF(盤查結果!$F$6="IPCC第六次評估報告(2021)",'Factor Table 1'!$P$75,0))))),0) -> 27 | AF39: =IF(H39=1,IF(盤查結果!$F$6="IPCC第二次評估報告（1995）",'Factor Table 1'!$L$76,IF(盤查結果!$F$6="IPCC第三次評估報告(2001)",'Factor Table 1'!$M$76,IF(盤查結果!$F$6="IPCC第四次評估報告(2007)",'Factor Table 1'!$N$76,IF(盤查結果!$F$6="IPCC第五次評估報告(2013)",'Factor Table 1'!$O$76,IF(盤查結果!$F$6="IPCC第六次評估報告(2021)",'Factor Table 1'!$P$76,0))))),0) -> 273 | AG39: =IFERROR(IF(H39=1,IF(盤查結果!$F$6="IPCC第二次評估報告（1995）",VLOOKUP(K39,'Factor Table 1'!$D$75:$P$169,9,FALSE),IF(盤查結果!$F$6="IPCC第三次評估報告(2001)",VLOOKUP(K39,'Factor Table 1'!$D$75:$P$169,10,FALSE),IF(盤查結果!$F$6="IPCC第四次評估報告(2007)",VLOOKUP(K39,'Factor Table 1'!$D$75:$P$169,11,FALSE),IF(盤查結果!$F$6="IPCC第五次評估報告(2013)",VLOOKUP(K39,'Factor Table 1'!$D$75:$P$169,12,FALSE),IF(盤查結果!$F$6="IPCC第六次評估報告(2021)",VLOOKUP(K39,'Factor Table 1'!$D$75:$P$169,13,FALSE),0))))),0),0) -> 1600 | AH39: 0 | AI39: =IFERROR(IF(H39=1,IF(盤查結果!$F$6="IPCC第二次評估報告（1995）",VLOOKUP(K39,'Factor Table 1'!$D$172:$P$172,9,FALSE),IF(盤查結果!$F$6="IPCC第三次評估報告(2001)",VLOOKUP(K39,'Factor Table 1'!$D$172:$P$172,10,FALSE),IF(盤查結果!$F$6="IPCC第四次評估報告(2007)",VLOOKUP(K39,'Factor Table 1'!$D$172:$P$172,11,FALSE),IF(盤查結果!$F$6="IPCC第五次評估報告(2013)",VLOOKUP(K39,'Factor Table 1'!$D$172:$P$172,12,FALSE),IF(盤查結果!$F$6="IPCC第六次評估報告(2021)",VLOOKUP(K39,'Factor Table 1'!$D$172:$P$172,13,FALSE),0))))),0),0) -> 0 | AJ39: =IFERROR(IF(H39=1,IF(盤查結果!$F$6="IPCC第二次評估報告（1995）",VLOOKUP(K39,'Factor Table 1'!$D$171:$P$171,9,FALSE),IF(盤查結果!$F$6="IPCC第三次評估報告(2001)",VLOOKUP(K39,'Factor Table 1'!$D$171:$P$171,10,FALSE),IF(盤查結果!$F$6="IPCC第四次評估報告(2007)",VLOOKUP(K39,'Factor Table 1'!$D$171:$P$171,11,FALSE),IF(盤查結果!$F$6="IPCC第五次評估報告(2013)",VLOOKUP(K39,'Factor Table 1'!$D$171:$P$171,12,FALSE),IF(盤查結果!$F$6="IPCC第六次評估報告(2021)",VLOOKUP(K39,'Factor Table 1'!$D$171:$P$171,13,FALSE),0))))),0),0) -> 0 | AK39: =$L39*V39*AD39 -> 0 | AL39: =$L39*W39*AE39 -> 0 | AM39: =$L39*X39*AF39 -> 0 | AN39: =$L39*Y39*AG39 -> 0.2236 | AO39: =$L39*Z39*AH39 -> 0 | AP39: =$L39*AA39*AI39 -> 0 | AQ39: =$L39*AB39*AJ39 -> 0 | AR39: =ROUND(SUM(AK39:AQ39),4) -> 0.2236 | AS39: =AR39/($D$3+$Y$57+$Y$63) -> 0.00046830619 | AT39: =AS39/($D$3+$D$55) -> 2.6628828e-07
G40: =IF(K40<>"","逸散排放","") -> 逸散排放 | H40: =IF(K40<>"",1,"") -> 1 | J40: 家用冷凍、冷藏裝備 | K40: R134a | L40: 0.00024 | M40: 公噸 | N40: 冷煤明細表/銘牌 | O40: =IF(V40>0.0000000001,"V","") | P40: =IF(W40>0.0000000001,"V","") | Q40: =IF(X40>0.0000000001,"V","") | R40: =IF(Y40>0.0000000001,"V","") -> V | S40: =IF(Z40>0.0000000001,"V","") | T40: =IF(AA40>0.0000000001,"V","") | U40: =IF(AB40>0.0000000001,"V","") | V40: =IFERROR(ROUND(VLOOKUP($K40,'Factor Table 1'!$D$3:$AD$60,11,FALSE),10),0) -> 0 | W40: =IFERROR(ROUND(VLOOKUP($K40,'Factor Table 1'!$D$3:$AD$60,13,FALSE),10),0) -> 0 | X40: =IFERROR(ROUND(VLOOKUP($K40,'Factor Table 1'!$D$3:$AD$60,15,FALSE),10),0) -> 0 | Y40: =IFERROR(IF(OR(K40="CO2",K40="CH4",K40="N2O"),ROUND(VLOOKUP($K40,'Factor Table 1'!$D$3:$AD$69,17,FALSE),10),IFERROR(ROUND(VLOOKUP(J40,'Factor Table 1'!$C$3:$AD$69,18,FALSE),10),ROUND(VLOOKUP(K40,'Factor Table 1'!$D$3:$AD$69,17,FALSE),10))),0) -> 0.003 | Z40: 0 | AA40: =IFERROR(IF(K40="SF6",1,0),0) -> 0 | AB40: =IFERROR(IF(K40="NF3",1,0),0) -> 0 | AC40: =IFERROR(IF(OR(K40="CO2",K40="CH4",K40="N2O"),VLOOKUP($K40,'Factor Table 1'!$D$3:$AD$69,19,FALSE),IFERROR(VLOOKUP(J40,'Factor Table 1'!$C$3:$AD$69,20,FALSE),VLOOKUP(K40,'Factor Table 1'!$D$3:$AD$69,19,FALSE))),"") -> 環境部排放係管理表6.0.4 | AD40: =IF(H40=1,1,0) -> 1 | AE40: =IF(H40=1,IF(盤查結果!$F$6="IPCC第二次評估報告（1995）",'Factor Table 1'!$L$75,IF(盤查結果!$F$6="IPCC第三次評估報告(2001)",'Factor Table 1'!$M$75,IF(盤查結果!$F$6="IPCC第四次評估報告(2007)",'Factor Table 1'!$N$75,IF(盤查結果!$F$6="IPCC第五次評估報告(2013)",'Factor Table 1'!$O$75,IF(盤查結果!$F$6="IPCC第六次評估報告(2021)",'Factor Table 1'!$P$75,0))))),0) -> 27 | AF40: =IF(H40=1,IF(盤查結果!$F$6="IPCC第二次評估報告（1995）",'Factor Table 1'!$L$76,IF(盤查結果!$F$6="IPCC第三次評估報告(2001)",'Factor Table 1'!$M$76,IF(盤查結果!$F$6="IPCC第四次評估報告(2007)",'Factor Table 1'!$N$76,IF(盤查結果!$F$6="IPCC第五次評估報告(2013)",'Factor Table 1'!$O$76,IF(盤查結果!$F$6="IPCC第六次評估報告(2021)",'Factor Table 1'!$P$76,0))))),0) -> 273 | AG40: =IFERROR(IF(H40=1,IF(盤查結果!$F$6="IPCC第二次評估報告（1995）",VLOOKUP(K40,'Factor Table 1'!$D$75:$P$169,9,FALSE),IF(盤查結果!$F$6="IPCC第三次評估報告(2001)",VLOOKUP(K40,'Factor Table 1'!$D$75:$P$169,10,FALSE),IF(盤查結果!$F$6="IPCC第四次評估報告(2007)",VLOOKUP(K40,'Factor Table 1'!$D$75:$P$169,11,FALSE),IF(盤查結果!$F$6="IPCC第五次評估報告(2013)",VLOOKUP(K40,'Factor Table 1'!$D$75:$P$169,12,FALSE),IF(盤查結果!$F$6="IPCC第六次評估報告(2021)",VLOOKUP(K40,'Factor Table 1'!$D$75:$P$169,13,FALSE),0))))),0),0) -> 1530 | AH40: 0 | AI40: =IFERROR(IF(H40=1,IF(盤查結果!$F$6="IPCC第二次評估報告（1995）",VLOOKUP(K40,'Factor Table 1'!$D$172:$P$172,9,FALSE),IF(盤查結果!$F$6="IPCC第三次評估報告(2001)",VLOOKUP(K40,'Factor Table 1'!$D$172:$P$172,10,FALSE),IF(盤查結果!$F$6="IPCC第四次評估報告(2007)",VLOOKUP(K40,'Factor Table 1'!$D$172:$P$172,11,FALSE),IF(盤查結果!$F$6="IPCC第五次評估報告(2013)",VLOOKUP(K40,'Factor Table 1'!$D$172:$P$172,12,FALSE),IF(盤查結果!$F$6="IPCC第六次評估報告(2021)",VLOOKUP(K40,'Factor Table 1'!$D$172:$P$172,13,FALSE),0))))),0),0) -> 0 | AJ40: =IFERROR(IF(H40=1,IF(盤查結果!$F$6="IPCC第二次評估報告（1995）",VLOOKUP(K40,'Factor Table 1'!$D$171:$P$171,9,FALSE),IF(盤查結果!$F$6="IPCC第三次評估報告(2001)",VLOOKUP(K40,'Factor Table 1'!$D$171:$P$171,10,FALSE),IF(盤查結果!$F$6="IPCC第四次評估報告(2007)",VLOOKUP(K40,'Factor Table 1'!$D$171:$P$171,11,FALSE),IF(盤查結果!$F$6="IPCC第五次評估報告(2013)",VLOOKUP(K40,'Factor Table 1'!$D$171:$P$171,12,FALSE),IF(盤查結果!$F$6="IPCC第六次評估報告(2021)",VLOOKUP(K40,'Factor Table 1'!$D$171:$P$171,13,FALSE),0))))),0),0) -> 0 | AK40: =$L40*V40*AD40 -> 0 | AL40: =$L40*W40*AE40 -> 0 | AM40: =$L40*X40*AF40 -> 0 | AN40: =$L40*Y40*AG40 -> 0.0011016 | AO40: =$L40*Z40*AH40 -> 0 | AP40: =$L40*AA40*AI40 -> 0 | AQ40: =$L40*AB40*AJ40 -> 0 | AR40: =ROUND(SUM(AK40:AQ40),4) -> 0.0011 | AS40: =AR40/($D$3+$Y$57+$Y$63) -> 2.3038319e-06 | AT40: =AS40/($D$3+$D$55) -> 1.310005e-09
G41: =IF(K41<>"","逸散排放","") -> 逸散排放 | H41: =IF(K41<>"",1,"") -> 1 | J41: 工業冷凍、冷藏裝備，包括食品加工及冷藏 | K41: R22 | L41: 0.0013 | M41: 公噸 | N41: 冷煤明細表/銘牌 | O41: =IF(V41>0.0000000001,"V","") | P41: =IF(W41>0.0000000001,"V","") | Q41: =IF(X41>0.0000000001,"V","") | R41: =IF(Y41>0.0000000001,"V","") -> V | S41: =IF(Z41>0.0000000001,"V","") | T41: =IF(AA41>0.0000000001,"V","") | U41: =IF(AB41>0.0000000001,"V","") | V41: =IFERROR(ROUND(VLOOKUP($K41,'Factor Table 1'!$D$3:$AD$60,11,FALSE),10),0) -> 0 | W41: =IFERROR(ROUND(VLOOKUP($K41,'Factor Table 1'!$D$3:$AD$60,13,FALSE),10),0) -> 0 | X41: =IFERROR(ROUND(VLOOKUP($K41,'Factor Table 1'!$D$3:$AD$60,15,FALSE),10),0) -> 0 | Y41: =IFERROR(IF(OR(K41="CO2",K41="CH4",K41="N2O"),ROUND(VLOOKUP($K41,'Factor Table 1'!$D$3:$AD$69,17,FALSE),10),IFERROR(ROUND(VLOOKUP(J41,'Factor Table 1'!$C$3:$AD$69,18,FALSE),10),ROUND(VLOOKUP(K41,'Factor Table 1'!$D$3:$AD$69,17,FALSE),10))),0) -> 0.16 | Z41: 0 | AA41: =IFERROR(IF(K41="SF6",1,0),0) -> 0 | AB41: =IFERROR(IF(K41="NF3",1,0),0) -> 0 | AC41: =IFERROR(IF(OR(K41="CO2",K41="CH4",K41="N2O"),VLOOKUP($K41,'Factor Table 1'!$D$3:$AD$69,19,FALSE),IFERROR(VLOOKUP(J41,'Factor Table 1'!$C$3:$AD$69,20,FALSE),VLOOKUP(K41,'Factor Table 1'!$D$3:$AD$69,19,FALSE))),"") -> 環境部排放係管理表6.0.4 | AD41: =IF(H41=1,1,0) -> 1 | AE41: =IF(H41=1,IF(盤查結果!$F$6="IPCC第二次評估報告（1995）",'Factor Table 1'!$L$75,IF(盤查結果!$F$6="IPCC第三次評估報告(2001)",'Factor Table 1'!$M$75,IF(盤查結果!$F$6="IPCC第四次評估報告(2007)",'Factor Table 1'!$N$75,IF(盤查結果!$F$6="IPCC第五次評估報告(2013)",'Factor Table 1'!$O$75,IF(盤查結果!$F$6="IPCC第六次評估報告(2021)",'Factor Table 1'!$P$75,0))))),0) -> 27 | AF41: =IF(H41=1,IF(盤查結果!$F$6="IPCC第二次評估報告（1995）",'Factor Table 1'!$L$76,IF(盤查結果!$F$6="IPCC第三次評估報告(2001)",'Factor Table 1'!$M$76,IF(盤查結果!$F$6="IPCC第四次評估報告(2007)",'Factor Table 1'!$N$76,IF(盤查結果!$F$6="IPCC第五次評估報告(2013)",'Factor Table 1'!$O$76,IF(盤查結果!$F$6="IPCC第六次評估報告(2021)",'Factor Table 1'!$P$76,0))))),0) -> 273 | AG41: =IFERROR(IF(H41=1,IF(盤查結果!$F$6="IPCC第二次評估報告（1995）",VLOOKUP(K41,'Factor Table 1'!$D$75:$P$169,9,FALSE),IF(盤查結果!$F$6="IPCC第三次評估報告(2001)",VLOOKUP(K41,'Factor Table 1'!$D$75:$P$169,10,FALSE),IF(盤查結果!$F$6="IPCC第四次評估報告(2007)",VLOOKUP(K41,'Factor Table 1'!$D$75:$P$169,11,FALSE),IF(盤查結果!$F$6="IPCC第五次評估報告(2013)",VLOOKUP(K41,'Factor Table 1'!$D$75:$P$169,12,FALSE),IF(盤查結果!$F$6="IPCC第六次評估報告(2021)",VLOOKUP(K41,'Factor Table 1'!$D$75:$P$169,13,FALSE),0))))),0),0) -> 1960 | AH41: 0 | AI41: =IFERROR(IF(H41=1,IF(盤查結果!$F$6="IPCC第二次評估報告（1995）",VLOOKUP(K41,'Factor Table 1'!$D$172:$P$172,9,FALSE),IF(盤查結果!$F$6="IPCC第三次評估報告(2001)",VLOOKUP(K41,'Factor Table 1'!$D$172:$P$172,10,FALSE),IF(盤查結果!$F$6="IPCC第四次評估報告(2007)",VLOOKUP(K41,'Factor Table 1'!$D$172:$P$172,11,FALSE),IF(盤查結果!$F$6="IPCC第五次評估報告(2013)",VLOOKUP(K41,'Factor Table 1'!$D$172:$P$172,12,FALSE),IF(盤查結果!$F$6="IPCC第六次評估報告(2021)",VLOOKUP(K41,'Factor Table 1'!$D$172:$P$172,13,FALSE),0))))),0),0) -> 0 | AJ41: =IFERROR(IF(H41=1,IF(盤查結果!$F$6="IPCC第二次評估報告（1995）",VLOOKUP(K41,'Factor Table 1'!$D$171:$P$171,9,FALSE),IF(盤查結果!$F$6="IPCC第三次評估報告(2001)",VLOOKUP(K41,'Factor Table 1'!$D$171:$P$171,10,FALSE),IF(盤查結果!$F$6="IPCC第四次評估報告(2007)",VLOOKUP(K41,'Factor Table 1'!$D$171:$P$171,11,FALSE),IF(盤查結果!$F$6="IPCC第五次評估報告(2013)",VLOOKUP(K41,'Factor Table 1'!$D$171:$P$171,12,FALSE),IF(盤查結果!$F$6="IPCC第六次評估報告(2021)",VLOOKUP(K41,'Factor Table 1'!$D$171:$P$171,13,FALSE),0))))),0),0) -> 0 | AK41: =$L41*V41*AD41 -> 0 | AL41: =$L41*W41*AE41 -> 0 | AM41: =$L41*X41*AF41 -> 0 | AN41: =$L41*Y41*AG41 -> 0.40768 | AO41: =$L41*Z41*AH41 -> 0 | AP41: =$L41*AA41*AI41 -> 0 | AQ41: =$L41*AB41*AJ41 -> 0 | AR41: =ROUND(SUM(AK41:AQ41),4) -> 0.4077 | AS41: =AR41/($D$3+$Y$57+$Y$63) -> 0.00085388386 | AT41: =AS41/($D$3+$D$55) -> 4.8553548e-07
G42: =IF(K42<>"","逸散排放","") -> 逸散排放 | H42: =IF(K42<>"",1,"") -> 1 | J42: 工業冷凍、冷藏裝備，包括食品加工及冷藏 | K42: R-404A | L42: 0.0186 | M42: 公噸 | N42: 冷煤明細表/銘牌 | O42: =IF(V42>0.0000000001,"V","") | P42: =IF(W42>0.0000000001,"V","") | Q42: =IF(X42>0.0000000001,"V","") | R42: =IF(Y42>0.0000000001,"V","") -> V | S42: =IF(Z42>0.0000000001,"V","") | T42: =IF(AA42>0.0000000001,"V","") | U42: =IF(AB42>0.0000000001,"V","") | V42: =IFERROR(ROUND(VLOOKUP($K42,'Factor Table 1'!$D$3:$AD$60,11,FALSE),10),0) -> 0 | W42: =IFERROR(ROUND(VLOOKUP($K42,'Factor Table 1'!$D$3:$AD$60,13,FALSE),10),0) -> 0 | X42: =IFERROR(ROUND(VLOOKUP($K42,'Factor Table 1'!$D$3:$AD$60,15,FALSE),10),0) -> 0 | Y42: =IFERROR(IF(OR(K42="CO2",K42="CH4",K42="N2O"),ROUND(VLOOKUP($K42,'Factor Table 1'!$D$3:$AD$69,17,FALSE),10),IFERROR(ROUND(VLOOKUP(J42,'Factor Table 1'!$C$3:$AD$69,18,FALSE),10),ROUND(VLOOKUP(K42,'Factor Table 1'!$D$3:$AD$69,17,FALSE),10))),0) -> 0.16 | Z42: 0 | AA42: =IFERROR(IF(K42="SF6",1,0),0) -> 0 | AB42: =IFERROR(IF(K42="NF3",1,0),0) -> 0 | AC42: =IFERROR(IF(OR(K42="CO2",K42="CH4",K42="N2O"),VLOOKUP($K42,'Factor Table 1'!$D$3:$AD$69,19,FALSE),IFERROR(VLOOKUP(J42,'Factor Table 1'!$C$3:$AD$69,20,FALSE),VLOOKUP(K42,'Factor Table 1'!$D$3:$AD$69,19,FALSE))),"") -> 環境部排放係管理表6.0.4 | AD42: =IF(H42=1,1,0) -> 1 | AE42: =IF(H42=1,IF(盤查結果!$F$6="IPCC第二次評估報告（1995）",'Factor Table 1'!$L$75,IF(盤查結果!$F$6="IPCC第三次評估報告(2001)",'Factor Table 1'!$M$75,IF(盤查結果!$F$6="IPCC第四次評估報告(2007)",'Factor Table 1'!$N$75,IF(盤查結果!$F$6="IPCC第五次評估報告(2013)",'Factor Table 1'!$O$75,IF(盤查結果!$F$6="IPCC第六次評估報告(2021)",'Factor Table 1'!$P$75,0))))),0) -> 27 | AF42: =IF(H42=1,IF(盤查結果!$F$6="IPCC第二次評估報告（1995）",'Factor Table 1'!$L$76,IF(盤查結果!$F$6="IPCC第三次評估報告(2001)",'Factor Table 1'!$M$76,IF(盤查結果!$F$6="IPCC第四次評估報告(2007)",'Factor Table 1'!$N$76,IF(盤查結果!$F$6="IPCC第五次評估報告(2013)",'Factor Table 1'!$O$76,IF(盤查結果!$F$6="IPCC第六次評估報告(2021)",'Factor Table 1'!$P$76,0))))),0) -> 273 | AG42: =IFERROR(IF(H42=1,IF(盤查結果!$F$6="IPCC第二次評估報告（1995）",VLOOKUP(K42,'Factor Table 1'!$D$75:$P$169,9,FALSE),IF(盤查結果!$F$6="IPCC第三次評估報告(2001)",VLOOKUP(K42,'Factor Table 1'!$D$75:$P$169,10,FALSE),IF(盤查結果!$F$6="IPCC第四次評估報告(2007)",VLOOKUP(K42,'Factor Table 1'!$D$75:$P$169,11,FALSE),IF(盤查結果!$F$6="IPCC第五次評估報告(2013)",VLOOKUP(K42,'Factor Table 1'!$D$75:$P$169,12,FALSE),IF(盤查結果!$F$6="IPCC第六次評估報告(2021)",VLOOKUP(K42,'Factor Table 1'!$D$75:$P$169,13,FALSE),0))))),0),0) -> 4728 | AH42: 0 | AI42: =IFERROR(IF(H42=1,IF(盤查結果!$F$6="IPCC第二次評估報告（1995）",VLOOKUP(K42,'Factor Table 1'!$D$172:$P$172,9,FALSE),IF(盤查結果!$F$6="IPCC第三次評估報告(2001)",VLOOKUP(K42,'Factor Table 1'!$D$172:$P$172,10,FALSE),IF(盤查結果!$F$6="IPCC第四次評估報告(2007)",VLOOKUP(K42,'Factor Table 1'!$D$172:$P$172,11,FALSE),IF(盤查結果!$F$6="IPCC第五次評估報告(2013)",VLOOKUP(K42,'Factor Table 1'!$D$172:$P$172,12,FALSE),IF(盤查結果!$F$6="IPCC第六次評估報告(2021)",VLOOKUP(K42,'Factor Table 1'!$D$172:$P$172,13,FALSE),0))))),0),0) -> 0 | AJ42: =IFERROR(IF(H42=1,IF(盤查結果!$F$6="IPCC第二次評估報告（1995）",VLOOKUP(K42,'Factor Table 1'!$D$171:$P$171,9,FALSE),IF(盤查結果!$F$6="IPCC第三次評估報告(2001)",VLOOKUP(K42,'Factor Table 1'!$D$171:$P$171,10,FALSE),IF(盤查結果!$F$6="IPCC第四次評估報告(2007)",VLOOKUP(K42,'Factor Table 1'!$D$171:$P$171,11,FALSE),IF(盤查結果!$F$6="IPCC第五次評估報告(2013)",VLOOKUP(K42,'Factor Table 1'!$D$171:$P$171,12,FALSE),IF(盤查結果!$F$6="IPCC第六次評估報告(2021)",VLOOKUP(K42,'Factor Table 1'!$D$171:$P$171,13,FALSE),0))))),0),0) -> 0 | AK42: =$L42*V42*AD42 -> 0 | AL42: =$L42*W42*AE42 -> 0 | AM42: =$L42*X42*AF42 -> 0 | AN42: =$L42*Y42*AG42 -> 14.070528 | AO42: =$L42*Z42*AH42 -> 0 | AP42: =$L42*AA42*AI42 -> 0 | AQ42: =$L42*AB42*AJ42 -> 0 | AR42: =ROUND(SUM(AK42:AQ42),4) -> 14.0705 | AS42: =AR42/($D$3+$Y$57+$Y$63) -> 0.029469151 | AT42: =AS42/($D$3+$D$55) -> 1.675675e-05
G43: =IF(K43<>"","逸散排放","") -> 逸散排放 | H43: =IF(K43<>"",1,"") -> 1 | J43: 工業冷凍、冷藏裝備，包括食品加工及冷藏 | K43: R23 | L43: 0.00702 | M43: 公噸 | N43: 冷煤明細表/銘牌 | O43: =IF(V43>0.0000000001,"V","") | P43: =IF(W43>0.0000000001,"V","") | Q43: =IF(X43>0.0000000001,"V","") | R43: =IF(Y43>0.0000000001,"V","") -> V | S43: =IF(Z43>0.0000000001,"V","") | T43: =IF(AA43>0.0000000001,"V","") | U43: =IF(AB43>0.0000000001,"V","") | V43: =IFERROR(ROUND(VLOOKUP($K43,'Factor Table 1'!$D$3:$AD$60,11,FALSE),10),0) -> 0 | W43: =IFERROR(ROUND(VLOOKUP($K43,'Factor Table 1'!$D$3:$AD$60,13,FALSE),10),0) -> 0 | X43: =IFERROR(ROUND(VLOOKUP($K43,'Factor Table 1'!$D$3:$AD$60,15,FALSE),10),0) -> 0 | Y43: =IFERROR(IF(OR(K43="CO2",K43="CH4",K43="N2O"),ROUND(VLOOKUP($K43,'Factor Table 1'!$D$3:$AD$69,17,FALSE),10),IFERROR(ROUND(VLOOKUP(J43,'Factor Table 1'!$C$3:$AD$69,18,FALSE),10),ROUND(VLOOKUP(K43,'Factor Table 1'!$D$3:$AD$69,17,FALSE),10))),0) -> 0.16 | Z43: 0 | AA43: =IFERROR(IF(K43="SF6",1,0),0) -> 0 | AB43: =IFERROR(IF(K43="NF3",1,0),0) -> 0 | AC43: =IFERROR(IF(OR(K43="CO2",K43="CH4",K43="N2O"),VLOOKUP($K43,'Factor Table 1'!$D$3:$AD$69,19,FALSE),IFERROR(VLOOKUP(J43,'Factor Table 1'!$C$3:$AD$69,20,FALSE),VLOOKUP(K43,'Factor Table 1'!$D$3:$AD$69,19,FALSE))),"") -> 環境部排放係管理表6.0.4 | AD43: =IF(H43=1,1,0) -> 1 | AE43: =IF(H43=1,IF(盤查結果!$F$6="IPCC第二次評估報告（1995）",'Factor Table 1'!$L$75,IF(盤查結果!$F$6="IPCC第三次評估報告(2001)",'Factor Table 1'!$M$75,IF(盤查結果!$F$6="IPCC第四次評估報告(2007)",'Factor Table 1'!$N$75,IF(盤查結果!$F$6="IPCC第五次評估報告(2013)",'Factor Table 1'!$O$75,IF(盤查結果!$F$6="IPCC第六次評估報告(2021)",'Factor Table 1'!$P$75,0))))),0) -> 27 | AF43: =IF(H43=1,IF(盤查結果!$F$6="IPCC第二次評估報告（1995）",'Factor Table 1'!$L$76,IF(盤查結果!$F$6="IPCC第三次評估報告(2001)",'Factor Table 1'!$M$76,IF(盤查結果!$F$6="IPCC第四次評估報告(2007)",'Factor Table 1'!$N$76,IF(盤查結果!$F$6="IPCC第五次評估報告(2013)",'Factor Table 1'!$O$76,IF(盤查結果!$F$6="IPCC第六次評估報告(2021)",'Factor Table 1'!$P$76,0))))),0) -> 273 | AG43: =IFERROR(IF(H43=1,IF(盤查結果!$F$6="IPCC第二次評估報告（1995）",VLOOKUP(K43,'Factor Table 1'!$D$75:$P$169,9,FALSE),IF(盤查結果!$F$6="IPCC第三次評估報告(2001)",VLOOKUP(K43,'Factor Table 1'!$D$75:$P$169,10,FALSE),IF(盤查結果!$F$6="IPCC第四次評估報告(2007)",VLOOKUP(K43,'Factor Table 1'!$D$75:$P$169,11,FALSE),IF(盤查結果!$F$6="IPCC第五次評估報告(2013)",VLOOKUP(K43,'Factor Table 1'!$D$75:$P$169,12,FALSE),IF(盤查結果!$F$6="IPCC第六次評估報告(2021)",VLOOKUP(K43,'Factor Table 1'!$D$75:$P$169,13,FALSE),0))))),0),0) -> 14600 | AH43: 0 | AI43: =IFERROR(IF(H43=1,IF(盤查結果!$F$6="IPCC第二次評估報告（1995）",VLOOKUP(K43,'Factor Table 1'!$D$172:$P$172,9,FALSE),IF(盤查結果!$F$6="IPCC第三次評估報告(2001)",VLOOKUP(K43,'Factor Table 1'!$D$172:$P$172,10,FALSE),IF(盤查結果!$F$6="IPCC第四次評估報告(2007)",VLOOKUP(K43,'Factor Table 1'!$D$172:$P$172,11,FALSE),IF(盤查結果!$F$6="IPCC第五次評估報告(2013)",VLOOKUP(K43,'Factor Table 1'!$D$172:$P$172,12,FALSE),IF(盤查結果!$F$6="IPCC第六次評估報告(2021)",VLOOKUP(K43,'Factor Table 1'!$D$172:$P$172,13,FALSE),0))))),0),0) -> 0 | AJ43: =IFERROR(IF(H43=1,IF(盤查結果!$F$6="IPCC第二次評估報告（1995）",VLOOKUP(K43,'Factor Table 1'!$D$171:$P$171,9,FALSE),IF(盤查結果!$F$6="IPCC第三次評估報告(2001)",VLOOKUP(K43,'Factor Table 1'!$D$171:$P$171,10,FALSE),IF(盤查結果!$F$6="IPCC第四次評估報告(2007)",VLOOKUP(K43,'Factor Table 1'!$D$171:$P$171,11,FALSE),IF(盤查結果!$F$6="IPCC第五次評估報告(2013)",VLOOKUP(K43,'Factor Table 1'!$D$171:$P$171,12,FALSE),IF(盤查結果!$F$6="IPCC第六次評估報告(2021)",VLOOKUP(K43,'Factor Table 1'!$D$171:$P$171,13,FALSE),0))))),0),0) -> 0 | AK43: =$L43*V43*AD43 -> 0 | AL43: =$L43*W43*AE43 -> 0 | AM43: =$L43*X43*AF43 -> 0 | AN43: =$L43*Y43*AG43 -> 16.39872 | AO43: =$L43*Z43*AH43 -> 0 | AP43: =$L43*AA43*AI43 -> 0 | AQ43: =$L43*AB43*AJ43 -> 0 | AR43: =ROUND(SUM(AK43:AQ43),4) -> 16.3987 | AS43: =AR43/($D$3+$Y$57+$Y$63) -> 0.034345316 | AT43: =AS43/($D$3+$D$55) -> 1.9529435e-05
G44: =IF(K44<>"","逸散排放","") -> 逸散排放 | H44: =IF(K44<>"",1,"") -> 1 | J44: 工業冷凍、冷藏裝備，包括食品加工及冷藏 | K44: R-507A | L44: 0.012 | M44: 公噸 | N44: 冷煤明細表/銘牌 | O44: =IF(V44>0.0000000001,"V","") | P44: =IF(W44>0.0000000001,"V","") | Q44: =IF(X44>0.0000000001,"V","") | R44: =IF(Y44>0.0000000001,"V","") -> V | S44: =IF(Z44>0.0000000001,"V","") | T44: =IF(AA44>0.0000000001,"V","") | U44: =IF(AB44>0.0000000001,"V","") | V44: =IFERROR(ROUND(VLOOKUP($K44,'Factor Table 1'!$D$3:$AD$60,11,FALSE),10),0) -> 0 | W44: =IFERROR(ROUND(VLOOKUP($K44,'Factor Table 1'!$D$3:$AD$60,13,FALSE),10),0) -> 0 | X44: =IFERROR(ROUND(VLOOKUP($K44,'Factor Table 1'!$D$3:$AD$60,15,FALSE),10),0) -> 0 | Y44: =IFERROR(IF(OR(K44="CO2",K44="CH4",K44="N2O"),ROUND(VLOOKUP($K44,'Factor Table 1'!$D$3:$AD$69,17,FALSE),10),IFERROR(ROUND(VLOOKUP(J44,'Factor Table 1'!$C$3:$AD$69,18,FALSE),10),ROUND(VLOOKUP(K44,'Factor Table 1'!$D$3:$AD$69,17,FALSE),10))),0) -> 0.16 | Z44: 0 | AA44: =IFERROR(IF(K44="SF6",1,0),0) -> 0 | AB44: =IFERROR(IF(K44="NF3",1,0),0) -> 0 | AC44: =IFERROR(IF(OR(K44="CO2",K44="CH4",K44="N2O"),VLOOKUP($K44,'Factor Table 1'!$D$3:$AD$69,19,FALSE),IFERROR(VLOOKUP(J44,'Factor Table 1'!$C$3:$AD$69,20,FALSE),VLOOKUP(K44,'Factor Table 1'!$D$3:$AD$69,19,FALSE))),"") -> 環境部排放係管理表6.0.4 | AD44: =IF(H44=1,1,0) -> 1 | AE44: =IF(H44=1,IF(盤查結果!$F$6="IPCC第二次評估報告（1995）",'Factor Table 1'!$L$75,IF(盤查結果!$F$6="IPCC第三次評估報告(2001)",'Factor Table 1'!$M$75,IF(盤查結果!$F$6="IPCC第四次評估報告(2007)",'Factor Table 1'!$N$75,IF(盤查結果!$F$6="IPCC第五次評估報告(2013)",'Factor Table 1'!$O$75,IF(盤查結果!$F$6="IPCC第六次評估報告(2021)",'Factor Table 1'!$P$75,0))))),0) -> 27 | AF44: =IF(H44=1,IF(盤查結果!$F$6="IPCC第二次評估報告（1995）",'Factor Table 1'!$L$76,IF(盤查結果!$F$6="IPCC第三次評估報告(2001)",'Factor Table 1'!$M$76,IF(盤查結果!$F$6="IPCC第四次評估報告(2007)",'Factor Table 1'!$N$76,IF(盤查結果!$F$6="IPCC第五次評估報告(2013)",'Factor Table 1'!$O$76,IF(盤查結果!$F$6="IPCC第六次評估報告(2021)",'Factor Table 1'!$P$76,0))))),0) -> 273 | AG44: =IFERROR(IF(H44=1,IF(盤查結果!$F$6="IPCC第二次評估報告（1995）",VLOOKUP(K44,'Factor Table 1'!$D$75:$P$169,9,FALSE),IF(盤查結果!$F$6="IPCC第三次評估報告(2001)",VLOOKUP(K44,'Factor Table 1'!$D$75:$P$169,10,FALSE),IF(盤查結果!$F$6="IPCC第四次評估報告(2007)",VLOOKUP(K44,'Factor Table 1'!$D$75:$P$169,11,FALSE),IF(盤查結果!$F$6="IPCC第五次評估報告(2013)",VLOOKUP(K44,'Factor Table 1'!$D$75:$P$169,12,FALSE),IF(盤查結果!$F$6="IPCC第六次評估報告(2021)",VLOOKUP(K44,'Factor Table 1'!$D$75:$P$169,13,FALSE),0))))),0),0) -> 4775 | AH44: 0 | AI44: =IFERROR(IF(H44=1,IF(盤查結果!$F$6="IPCC第二次評估報告（1995）",VLOOKUP(K44,'Factor Table 1'!$D$172:$P$172,9,FALSE),IF(盤查結果!$F$6="IPCC第三次評估報告(2001)",VLOOKUP(K44,'Factor Table 1'!$D$172:$P$172,10,FALSE),IF(盤查結果!$F$6="IPCC第四次評估報告(2007)",VLOOKUP(K44,'Factor Table 1'!$D$172:$P$172,11,FALSE),IF(盤查結果!$F$6="IPCC第五次評估報告(2013)",VLOOKUP(K44,'Factor Table 1'!$D$172:$P$172,12,FALSE),IF(盤查結果!$F$6="IPCC第六次評估報告(2021)",VLOOKUP(K44,'Factor Table 1'!$D$172:$P$172,13,FALSE),0))))),0),0) -> 0 | AJ44: =IFERROR(IF(H44=1,IF(盤查結果!$F$6="IPCC第二次評估報告（1995）",VLOOKUP(K44,'Factor Table 1'!$D$171:$P$171,9,FALSE),IF(盤查結果!$F$6="IPCC第三次評估報告(2001)",VLOOKUP(K44,'Factor Table 1'!$D$171:$P$171,10,FALSE),IF(盤查結果!$F$6="IPCC第四次評估報告(2007)",VLOOKUP(K44,'Factor Table 1'!$D$171:$P$171,11,FALSE),IF(盤查結果!$F$6="IPCC第五次評估報告(2013)",VLOOKUP(K44,'Factor Table 1'!$D$171:$P$171,12,FALSE),IF(盤查結果!$F$6="IPCC第六次評估報告(2021)",VLOOKUP(K44,'Factor Table 1'!$D$171:$P$171,13,FALSE),0))))),0),0) -> 0 | AK44: =$L44*V44*AD44 -> 0 | AL44: =$L44*W44*AE44 -> 0 | AM44: =$L44*X44*AF44 -> 0 | AN44: =$L44*Y44*AG44 -> 9.168 | AO44: =$L44*Z44*AH44 -> 0 | AP44: =$L44*AA44*AI44 -> 0 | AQ44: =$L44*AB44*AJ44 -> 0 | AR44: =ROUND(SUM(AK44:AQ44),4) -> 9.168 | AS44: =AR44/($D$3+$Y$57+$Y$63) -> 0.019201391 | AT44: =AS44/($D$3+$D$55) -> 1.0918296e-05
G45: =IF(K45<>"","逸散排放","") -> 逸散排放 | H45: =IF(K45<>"",1,"") -> 1 | J45: 工業冷凍、冷藏裝備，包括食品加工及冷藏 | K45: R22 | L45: 0.002 | M45: 公噸 | N45: 冷煤明細表/銘牌 | O45: =IF(V45>0.0000000001,"V","") | P45: =IF(W45>0.0000000001,"V","") | Q45: =IF(X45>0.0000000001,"V","") | R45: =IF(Y45>0.0000000001,"V","") -> V | S45: =IF(Z45>0.0000000001,"V","") | T45: =IF(AA45>0.0000000001,"V","") | U45: =IF(AB45>0.0000000001,"V","") | V45: =IFERROR(ROUND(VLOOKUP($K45,'Factor Table 1'!$D$3:$AD$60,11,FALSE),10),0) -> 0 | W45: =IFERROR(ROUND(VLOOKUP($K45,'Factor Table 1'!$D$3:$AD$60,13,FALSE),10),0) -> 0 | X45: =IFERROR(ROUND(VLOOKUP($K45,'Factor Table 1'!$D$3:$AD$60,15,FALSE),10),0) -> 0 | Y45: =IFERROR(IF(OR(K45="CO2",K45="CH4",K45="N2O"),ROUND(VLOOKUP($K45,'Factor Table 1'!$D$3:$AD$69,17,FALSE),10),IFERROR(ROUND(VLOOKUP(J45,'Factor Table 1'!$C$3:$AD$69,18,FALSE),10),ROUND(VLOOKUP(K45,'Factor Table 1'!$D$3:$AD$69,17,FALSE),10))),0) -> 0.16 | Z45: 0 | AA45: =IFERROR(IF(K45="SF6",1,0),0) -> 0 | AB45: =IFERROR(IF(K45="NF3",1,0),0) -> 0 | AC45: =IFERROR(IF(OR(K45="CO2",K45="CH4",K45="N2O"),VLOOKUP($K45,'Factor Table 1'!$D$3:$AD$69,19,FALSE),IFERROR(VLOOKUP(J45,'Factor Table 1'!$C$3:$AD$69,20,FALSE),VLOOKUP(K45,'Factor Table 1'!$D$3:$AD$69,19,FALSE))),"") -> 環境部排放係管理表6.0.4 | AD45: =IF(H45=1,1,0) -> 1 | AE45: =IF(H45=1,IF(盤查結果!$F$6="IPCC第二次評估報告（1995）",'Factor Table 1'!$L$75,IF(盤查結果!$F$6="IPCC第三次評估報告(2001)",'Factor Table 1'!$M$75,IF(盤查結果!$F$6="IPCC第四次評估報告(2007)",'Factor Table 1'!$N$75,IF(盤查結果!$F$6="IPCC第五次評估報告(2013)",'Factor Table 1'!$O$75,IF(盤查結果!$F$6="IPCC第六次評估報告(2021)",'Factor Table 1'!$P$75,0))))),0) -> 27 | AF45: =IF(H45=1,IF(盤查結果!$F$6="IPCC第二次評估報告（1995）",'Factor Table 1'!$L$76,IF(盤查結果!$F$6="IPCC第三次評估報告(2001)",'Factor Table 1'!$M$76,IF(盤查結果!$F$6="IPCC第四次評估報告(2007)",'Factor Table 1'!$N$76,IF(盤查結果!$F$6="IPCC第五次評估報告(2013)",'Factor Table 1'!$O$76,IF(盤查結果!$F$6="IPCC第六次評估報告(2021)",'Factor Table 1'!$P$76,0))))),0) -> 273 | AG45: =IFERROR(IF(H45=1,IF(盤查結果!$F$6="IPCC第二次評估報告（1995）",VLOOKUP(K45,'Factor Table 1'!$D$75:$P$169,9,FALSE),IF(盤查結果!$F$6="IPCC第三次評估報告(2001)",VLOOKUP(K45,'Factor Table 1'!$D$75:$P$169,10,FALSE),IF(盤查結果!$F$6="IPCC第四次評估報告(2007)",VLOOKUP(K45,'Factor Table 1'!$D$75:$P$169,11,FALSE),IF(盤查結果!$F$6="IPCC第五次評估報告(2013)",VLOOKUP(K45,'Factor Table 1'!$D$75:$P$169,12,FALSE),IF(盤查結果!$F$6="IPCC第六次評估報告(2021)",VLOOKUP(K45,'Factor Table 1'!$D$75:$P$169,13,FALSE),0))))),0),0) -> 1960 | AH45: 0 | AI45: =IFERROR(IF(H45=1,IF(盤查結果!$F$6="IPCC第二次評估報告（1995）",VLOOKUP(K45,'Factor Table 1'!$D$172:$P$172,9,FALSE),IF(盤查結果!$F$6="IPCC第三次評估報告(2001)",VLOOKUP(K45,'Factor Table 1'!$D$172:$P$172,10,FALSE),IF(盤查結果!$F$6="IPCC第四次評估報告(2007)",VLOOKUP(K45,'Factor Table 1'!$D$172:$P$172,11,FALSE),IF(盤查結果!$F$6="IPCC第五次評估報告(2013)",VLOOKUP(K45,'Factor Table 1'!$D$172:$P$172,12,FALSE),IF(盤查結果!$F$6="IPCC第六次評估報告(2021)",VLOOKUP(K45,'Factor Table 1'!$D$172:$P$172,13,FALSE),0))))),0),0) -> 0 | AJ45: =IFERROR(IF(H45=1,IF(盤查結果!$F$6="IPCC第二次評估報告（1995）",VLOOKUP(K45,'Factor Table 1'!$D$171:$P$171,9,FALSE),IF(盤查結果!$F$6="IPCC第三次評估報告(2001)",VLOOKUP(K45,'Factor Table 1'!$D$171:$P$171,10,FALSE),IF(盤查結果!$F$6="IPCC第四次評估報告(2007)",VLOOKUP(K45,'Factor Table 1'!$D$171:$P$171,11,FALSE),IF(盤查結果!$F$6="IPCC第五次評估報告(2013)",VLOOKUP(K45,'Factor Table 1'!$D$171:$P$171,12,FALSE),IF(盤查結果!$F$6="IPCC第六次評估報告(2021)",VLOOKUP(K45,'Factor Table 1'!$D$171:$P$171,13,FALSE),0))))),0),0) -> 0 | AK45: =$L45*V45*AD45 -> 0 | AL45: =$L45*W45*AE45 -> 0 | AM45: =$L45*X45*AF45 -> 0 | AN45: =$L45*Y45*AG45 -> 0.6272 | AO45: =$L45*Z45*AH45 -> 0 | AP45: =$L45*AA45*AI45 -> 0 | AQ45: =$L45*AB45*AJ45 -> 0 | AR45: =ROUND(SUM(AK45:AQ45),4) -> 0.6272 | AS45: =AR45/($D$3+$Y$57+$Y$63) -> 0.001313603 | AT45: =AS45/($D$3+$D$55) -> 7.4694102e-07
G46: =IF(K46<>"","逸散排放","") -> 逸散排放 | H46: =IF(K46<>"",1,"") -> 1 | J46: 工業冷凍、冷藏裝備，包括食品加工及冷藏 | K46: R23 | L46: 0.00074 | M46: 公噸 | N46: 冷煤明細表/銘牌 | O46: =IF(V46>0.0000000001,"V","") | P46: =IF(W46>0.0000000001,"V","") | Q46: =IF(X46>0.0000000001,"V","") | R46: =IF(Y46>0.0000000001,"V","") -> V | S46: =IF(Z46>0.0000000001,"V","") | T46: =IF(AA46>0.0000000001,"V","") | U46: =IF(AB46>0.0000000001,"V","") | V46: =IFERROR(ROUND(VLOOKUP($K46,'Factor Table 1'!$D$3:$AD$60,11,FALSE),10),0) -> 0 | W46: =IFERROR(ROUND(VLOOKUP($K46,'Factor Table 1'!$D$3:$AD$60,13,FALSE),10),0) -> 0 | X46: =IFERROR(ROUND(VLOOKUP($K46,'Factor Table 1'!$D$3:$AD$60,15,FALSE),10),0) -> 0 | Y46: =IFERROR(IF(OR(K46="CO2",K46="CH4",K46="N2O"),ROUND(VLOOKUP($K46,'Factor Table 1'!$D$3:$AD$69,17,FALSE),10),IFERROR(ROUND(VLOOKUP(J46,'Factor Table 1'!$C$3:$AD$69,18,FALSE),10),ROUND(VLOOKUP(K46,'Factor Table 1'!$D$3:$AD$69,17,FALSE),10))),0) -> 0.16 | Z46: 0 | AA46: =IFERROR(IF(K46="SF6",1,0),0) -> 0 | AB46: =IFERROR(IF(K46="NF3",1,0),0) -> 0 | AC46: =IFERROR(IF(OR(K46="CO2",K46="CH4",K46="N2O"),VLOOKUP($K46,'Factor Table 1'!$D$3:$AD$69,19,FALSE),IFERROR(VLOOKUP(J46,'Factor Table 1'!$C$3:$AD$69,20,FALSE),VLOOKUP(K46,'Factor Table 1'!$D$3:$AD$69,19,FALSE))),"") -> 環境部排放係管理表6.0.4 | AD46: =IF(H46=1,1,0) -> 1 | AE46: =IF(H46=1,IF(盤查結果!$F$6="IPCC第二次評估報告（1995）",'Factor Table 1'!$L$75,IF(盤查結果!$F$6="IPCC第三次評估報告(2001)",'Factor Table 1'!$M$75,IF(盤查結果!$F$6="IPCC第四次評估報告(2007)",'Factor Table 1'!$N$75,IF(盤查結果!$F$6="IPCC第五次評估報告(2013)",'Factor Table 1'!$O$75,IF(盤查結果!$F$6="IPCC第六次評估報告(2021)",'Factor Table 1'!$P$75,0))))),0) -> 27 | AF46: =IF(H46=1,IF(盤查結果!$F$6="IPCC第二次評估報告（1995）",'Factor Table 1'!$L$76,IF(盤查結果!$F$6="IPCC第三次評估報告(2001)",'Factor Table 1'!$M$76,IF(盤查結果!$F$6="IPCC第四次評估報告(2007)",'Factor Table 1'!$N$76,IF(盤查結果!$F$6="IPCC第五次評估報告(2013)",'Factor Table 1'!$O$76,IF(盤查結果!$F$6="IPCC第六次評估報告(2021)",'Factor Table 1'!$P$76,0))))),0) -> 273 | AG46: =IFERROR(IF(H46=1,IF(盤查結果!$F$6="IPCC第二次評估報告（1995）",VLOOKUP(K46,'Factor Table 1'!$D$75:$P$169,9,FALSE),IF(盤查結果!$F$6="IPCC第三次評估報告(2001)",VLOOKUP(K46,'Factor Table 1'!$D$75:$P$169,10,FALSE),IF(盤查結果!$F$6="IPCC第四次評估報告(2007)",VLOOKUP(K46,'Factor Table 1'!$D$75:$P$169,11,FALSE),IF(盤查結果!$F$6="IPCC第五次評估報告(2013)",VLOOKUP(K46,'Factor Table 1'!$D$75:$P$169,12,FALSE),IF(盤查結果!$F$6="IPCC第六次評估報告(2021)",VLOOKUP(K46,'Factor Table 1'!$D$75:$P$169,13,FALSE),0))))),0),0) -> 14600 | AH46: 0 | AI46: =IFERROR(IF(H46=1,IF(盤查結果!$F$6="IPCC第二次評估報告（1995）",VLOOKUP(K46,'Factor Table 1'!$D$172:$P$172,9,FALSE),IF(盤查結果!$F$6="IPCC第三次評估報告(2001)",VLOOKUP(K46,'Factor Table 1'!$D$172:$P$172,10,FALSE),IF(盤查結果!$F$6="IPCC第四次評估報告(2007)",VLOOKUP(K46,'Factor Table 1'!$D$172:$P$172,11,FALSE),IF(盤查結果!$F$6="IPCC第五次評估報告(2013)",VLOOKUP(K46,'Factor Table 1'!$D$172:$P$172,12,FALSE),IF(盤查結果!$F$6="IPCC第六次評估報告(2021)",VLOOKUP(K46,'Factor Table 1'!$D$172:$P$172,13,FALSE),0))))),0),0) -> 0 | AJ46: =IFERROR(IF(H46=1,IF(盤查結果!$F$6="IPCC第二次評估報告（1995）",VLOOKUP(K46,'Factor Table 1'!$D$171:$P$171,9,FALSE),IF(盤查結果!$F$6="IPCC第三次評估報告(2001)",VLOOKUP(K46,'Factor Table 1'!$D$171:$P$171,10,FALSE),IF(盤查結果!$F$6="IPCC第四次評估報告(2007)",VLOOKUP(K46,'Factor Table 1'!$D$171:$P$171,11,FALSE),IF(盤查結果!$F$6="IPCC第五次評估報告(2013)",VLOOKUP(K46,'Factor Table 1'!$D$171:$P$171,12,FALSE),IF(盤查結果!$F$6="IPCC第六次評估報告(2021)",VLOOKUP(K46,'Factor Table 1'!$D$171:$P$171,13,FALSE),0))))),0),0) -> 0 | AK46: =$L46*V46*AD46 -> 0 | AL46: =$L46*W46*AE46 -> 0 | AM46: =$L46*X46*AF46 -> 0 | AN46: =$L46*Y46*AG46 -> 1.72864 | AO46: =$L46*Z46*AH46 -> 0 | AP46: =$L46*AA46*AI46 -> 0 | AQ46: =$L46*AB46*AJ46 -> 0 | AR46: =ROUND(SUM(AK46:AQ46),4) -> 1.7286 | AS46: =AR46/($D$3+$Y$57+$Y$63) -> 0.003620367 | AT46: =AS46/($D$3+$D$55) -> 2.0586133e-06
G47: =IF(K47<>"","逸散排放","") | H47: =IF(K47<>"",1,"") | O47: =IF(V47>0.0000000001,"V","") | P47: =IF(W47>0.0000000001,"V","") | Q47: =IF(X47>0.0000000001,"V","") | R47: =IF(Y47>0.0000000001,"V","") | S47: =IF(Z47>0.0000000001,"V","") | T47: =IF(AA47>0.0000000001,"V","") | U47: =IF(AB47>0.0000000001,"V","") | V47: =IFERROR(ROUND(VLOOKUP($K47,'Factor Table 1'!$D$3:$AD$60,11,FALSE),10),0) -> 0 | W47: =IFERROR(ROUND(VLOOKUP($K47,'Factor Table 1'!$D$3:$AD$60,13,FALSE),10),0) -> 0 | X47: =IFERROR(ROUND(VLOOKUP($K47,'Factor Table 1'!$D$3:$AD$60,15,FALSE),10),0) -> 0 | Y47: =IFERROR(IF(OR(K47="CO2",K47="CH4",K47="N2O"),ROUND(VLOOKUP($K47,'Factor Table 1'!$D$3:$AD$69,17,FALSE),10),IFERROR(ROUND(VLOOKUP(J47,'Factor Table 1'!$C$3:$AD$69,18,FALSE),10),ROUND(VLOOKUP(K47,'Factor Table 1'!$D$3:$AD$69,17,FALSE),10))),0) -> 0 | Z47: 0 | AA47: =IFERROR(IF(K47="SF6",1,0),0) -> 0 | AB47: =IFERROR(IF(K47="NF3",1,0),0) -> 0 | AC47: =IFERROR(IF(OR(K47="CO2",K47="CH4",K47="N2O"),VLOOKUP($K47,'Factor Table 1'!$D$3:$AD$69,19,FALSE),IFERROR(VLOOKUP(J47,'Factor Table 1'!$C$3:$AD$69,20,FALSE),VLOOKUP(K47,'Factor Table 1'!$D$3:$AD$69,19,FALSE))),"") | AD47: =IF(H47=1,1,0) -> 0 | AE47: =IF(H47=1,IF(盤查結果!$F$6="IPCC第二次評估報告（1995）",'Factor Table 1'!$L$75,IF(盤查結果!$F$6="IPCC第三次評估報告(2001)",'Factor Table 1'!$M$75,IF(盤查結果!$F$6="IPCC第四次評估報告(2007)",'Factor Table 1'!$N$75,IF(盤查結果!$F$6="IPCC第五次評估報告(2013)",'Factor Table 1'!$O$75,IF(盤查結果!$F$6="IPCC第六次評估報告(2021)",'Factor Table 1'!$P$75,0))))),0) -> 0 | AF47: =IF(H47=1,IF(盤查結果!$F$6="IPCC第二次評估報告（1995）",'Factor Table 1'!$L$76,IF(盤查結果!$F$6="IPCC第三次評估報告(2001)",'Factor Table 1'!$M$76,IF(盤查結果!$F$6="IPCC第四次評估報告(2007)",'Factor Table 1'!$N$76,IF(盤查結果!$F$6="IPCC第五次評估報告(2013)",'Factor Table 1'!$O$76,IF(盤查結果!$F$6="IPCC第六次評估報告(2021)",'Factor Table 1'!$P$76,0))))),0) -> 0 | AG47: =IFERROR(IF(H47=1,IF(盤查結果!$F$6="IPCC第二次評估報告（1995）",VLOOKUP(K47,'Factor Table 1'!$D$75:$P$169,9,FALSE),IF(盤查結果!$F$6="IPCC第三次評估報告(2001)",VLOOKUP(K47,'Factor Table 1'!$D$75:$P$169,10,FALSE),IF(盤查結果!$F$6="IPCC第四次評估報告(2007)",VLOOKUP(K47,'Factor Table 1'!$D$75:$P$169,11,FALSE),IF(盤查結果!$F$6="IPCC第五次評估報告(2013)",VLOOKUP(K47,'Factor Table 1'!$D$75:$P$169,12,FALSE),IF(盤查結果!$F$6="IPCC第六次評估報告(2021)",VLOOKUP(K47,'Factor Table 1'!$D$75:$P$169,13,FALSE),0))))),0),0) -> 0 | AH47: 0 | AI47: =IFERROR(IF(H47=1,IF(盤查結果!$F$6="IPCC第二次評估報告（1995）",VLOOKUP(K47,'Factor Table 1'!$D$172:$P$172,9,FALSE),IF(盤查結果!$F$6="IPCC第三次評估報告(2001)",VLOOKUP(K47,'Factor Table 1'!$D$172:$P$172,10,FALSE),IF(盤查結果!$F$6="IPCC第四次評估報告(2007)",VLOOKUP(K47,'Factor Table 1'!$D$172:$P$172,11,FALSE),IF(盤查結果!$F$6="IPCC第五次評估報告(2013)",VLOOKUP(K47,'Factor Table 1'!$D$172:$P$172,12,FALSE),IF(盤查結果!$F$6="IPCC第六次評估報告(2021)",VLOOKUP(K47,'Factor Table 1'!$D$172:$P$172,13,FALSE),0))))),0),0) -> 0 | AJ47: =IFERROR(IF(H47=1,IF(盤查結果!$F$6="IPCC第二次評估報告（1995）",VLOOKUP(K47,'Factor Table 1'!$D$171:$P$171,9,FALSE),IF(盤查結果!$F$6="IPCC第三次評估報告(2001)",VLOOKUP(K47,'Factor Table 1'!$D$171:$P$171,10,FALSE),IF(盤查結果!$F$6="IPCC第四次評估報告(2007)",VLOOKUP(K47,'Factor Table 1'!$D$171:$P$171,11,FALSE),IF(盤查結果!$F$6="IPCC第五次評估報告(2013)",VLOOKUP(K47,'Factor Table 1'!$D$171:$P$171,12,FALSE),IF(盤查結果!$F$6="IPCC第六次評估報告(2021)",VLOOKUP(K47,'Factor Table 1'!$D$171:$P$171,13,FALSE),0))))),0),0) -> 0 | AK47: =$L47*V47*AD47 -> 0 | AL47: =$L47*W47*AE47 -> 0 | AM47: =$L47*X47*AF47 -> 0 | AN47: =$L47*Y47*AG47 -> 0 | AO47: =$L47*Z47*AH47 -> 0 | AP47: =$L47*AA47*AI47 -> 0 | AQ47: =$L47*AB47*AJ47 -> 0 | AR47: =ROUND(SUM(AK47:AQ47),4) -> 0 | AS47: =AR47/($D$3+$Y$57+$Y$63) -> 0 | AT47: =AS47/($D$3+$D$55) -> 0
G48: =IF(K48<>"","逸散排放","") | H48: =IF(K48<>"",1,"") | O48: =IF(V48>0.0000000001,"V","") | P48: =IF(W48>0.0000000001,"V","") | Q48: =IF(X48>0.0000000001,"V","") | R48: =IF(Y48>0.0000000001,"V","") | S48: =IF(Z48>0.0000000001,"V","") | T48: =IF(AA48>0.0000000001,"V","") | U48: =IF(AB48>0.0000000001,"V","") | V48: =IFERROR(ROUND(VLOOKUP($K48,'Factor Table 1'!$D$3:$AD$60,11,FALSE),10),0) -> 0 | W48: =IFERROR(ROUND(VLOOKUP($K48,'Factor Table 1'!$D$3:$AD$60,13,FALSE),10),0) -> 0 | X48: =IFERROR(ROUND(VLOOKUP($K48,'Factor Table 1'!$D$3:$AD$60,15,FALSE),10),0) -> 0 | Y48: =IFERROR(IF(OR(K48="CO2",K48="CH4",K48="N2O"),ROUND(VLOOKUP($K48,'Factor Table 1'!$D$3:$AD$69,17,FALSE),10),IFERROR(ROUND(VLOOKUP(J48,'Factor Table 1'!$C$3:$AD$69,18,FALSE),10),ROUND(VLOOKUP(K48,'Factor Table 1'!$D$3:$AD$69,17,FALSE),10))),0) -> 0 | Z48: 0 | AA48: =IFERROR(IF(K48="SF6",1,0),0) -> 0 | AB48: =IFERROR(IF(K48="NF3",1,0),0) -> 0 | AC48: =IFERROR(IF(OR(K48="CO2",K48="CH4",K48="N2O"),VLOOKUP($K48,'Factor Table 1'!$D$3:$AD$69,19,FALSE),IFERROR(VLOOKUP(J48,'Factor Table 1'!$C$3:$AD$69,20,FALSE),VLOOKUP(K48,'Factor Table 1'!$D$3:$AD$69,19,FALSE))),"") | AD48: =IF(H48=1,1,0) -> 0 | AE48: =IF(H48=1,IF(盤查結果!$F$6="IPCC第二次評估報告（1995）",'Factor Table 1'!$L$75,IF(盤查結果!$F$6="IPCC第三次評估報告(2001)",'Factor Table 1'!$M$75,IF(盤查結果!$F$6="IPCC第四次評估報告(2007)",'Factor Table 1'!$N$75,IF(盤查結果!$F$6="IPCC第五次評估報告(2013)",'Factor Table 1'!$O$75,IF(盤查結果!$F$6="IPCC第六次評估報告(2021)",'Factor Table 1'!$P$75,0))))),0) -> 0 | AF48: =IF(H48=1,IF(盤查結果!$F$6="IPCC第二次評估報告（1995）",'Factor Table 1'!$L$76,IF(盤查結果!$F$6="IPCC第三次評估報告(2001)",'Factor Table 1'!$M$76,IF(盤查結果!$F$6="IPCC第四次評估報告(2007)",'Factor Table 1'!$N$76,IF(盤查結果!$F$6="IPCC第五次評估報告(2013)",'Factor Table 1'!$O$76,IF(盤查結果!$F$6="IPCC第六次評估報告(2021)",'Factor Table 1'!$P$76,0))))),0) -> 0 | AG48: =IFERROR(IF(H48=1,IF(盤查結果!$F$6="IPCC第二次評估報告（1995）",VLOOKUP(K48,'Factor Table 1'!$D$75:$P$169,9,FALSE),IF(盤查結果!$F$6="IPCC第三次評估報告(2001)",VLOOKUP(K48,'Factor Table 1'!$D$75:$P$169,10,FALSE),IF(盤查結果!$F$6="IPCC第四次評估報告(2007)",VLOOKUP(K48,'Factor Table 1'!$D$75:$P$169,11,FALSE),IF(盤查結果!$F$6="IPCC第五次評估報告(2013)",VLOOKUP(K48,'Factor Table 1'!$D$75:$P$169,12,FALSE),IF(盤查結果!$F$6="IPCC第六次評估報告(2021)",VLOOKUP(K48,'Factor Table 1'!$D$75:$P$169,13,FALSE),0))))),0),0) -> 0 | AH48: 0 | AI48: =IFERROR(IF(H48=1,IF(盤查結果!$F$6="IPCC第二次評估報告（1995）",VLOOKUP(K48,'Factor Table 1'!$D$172:$P$172,9,FALSE),IF(盤查結果!$F$6="IPCC第三次評估報告(2001)",VLOOKUP(K48,'Factor Table 1'!$D$172:$P$172,10,FALSE),IF(盤查結果!$F$6="IPCC第四次評估報告(2007)",VLOOKUP(K48,'Factor Table 1'!$D$172:$P$172,11,FALSE),IF(盤查結果!$F$6="IPCC第五次評估報告(2013)",VLOOKUP(K48,'Factor Table 1'!$D$172:$P$172,12,FALSE),IF(盤查結果!$F$6="IPCC第六次評估報告(2021)",VLOOKUP(K48,'Factor Table 1'!$D$172:$P$172,13,FALSE),0))))),0),0) -> 0 | AJ48: =IFERROR(IF(H48=1,IF(盤查結果!$F$6="IPCC第二次評估報告（1995）",VLOOKUP(K48,'Factor Table 1'!$D$171:$P$171,9,FALSE),IF(盤查結果!$F$6="IPCC第三次評估報告(2001)",VLOOKUP(K48,'Factor Table 1'!$D$171:$P$171,10,FALSE),IF(盤查結果!$F$6="IPCC第四次評估報告(2007)",VLOOKUP(K48,'Factor Table 1'!$D$171:$P$171,11,FALSE),IF(盤查結果!$F$6="IPCC第五次評估報告(2013)",VLOOKUP(K48,'Factor Table 1'!$D$171:$P$171,12,FALSE),IF(盤查結果!$F$6="IPCC第六次評估報告(2021)",VLOOKUP(K48,'Factor Table 1'!$D$171:$P$171,13,FALSE),0))))),0),0) -> 0 | AK48: =$L48*V48*AD48 -> 0 | AL48: =$L48*W48*AE48 -> 0 | AM48: =$L48*X48*AF48 -> 0 | AN48: =$L48*Y48*AG48 -> 0 | AO48: =$L48*Z48*AH48 -> 0 | AP48: =$L48*AA48*AI48 -> 0 | AQ48: =$L48*AB48*AJ48 -> 0 | AR48: =ROUND(SUM(AK48:AQ48),4) -> 0 | AS48: =AR48/($D$3+$Y$57+$Y$63) -> 0 | AT48: =AS48/($D$3+$D$55) -> 0
G49: =IF(K49<>"","逸散排放","") | H49: =IF(K49<>"",1,"") | O49: =IF(V49>0.0000000001,"V","") | P49: =IF(W49>0.0000000001,"V","") | Q49: =IF(X49>0.0000000001,"V","") | R49: =IF(Y49>0.0000000001,"V","") | S49: =IF(Z49>0.0000000001,"V","") | T49: =IF(AA49>0.0000000001,"V","") | U49: =IF(AB49>0.0000000001,"V","") | V49: =IFERROR(ROUND(VLOOKUP($K49,'Factor Table 1'!$D$3:$AD$60,11,FALSE),10),0) -> 0 | W49: =IFERROR(ROUND(VLOOKUP($K49,'Factor Table 1'!$D$3:$AD$60,13,FALSE),10),0) -> 0 | X49: =IFERROR(ROUND(VLOOKUP($K49,'Factor Table 1'!$D$3:$AD$60,15,FALSE),10),0) -> 0 | Y49: =IFERROR(IF(OR(K49="CO2",K49="CH4",K49="N2O"),ROUND(VLOOKUP($K49,'Factor Table 1'!$D$3:$AD$69,17,FALSE),10),IFERROR(ROUND(VLOOKUP(J49,'Factor Table 1'!$C$3:$AD$69,18,FALSE),10),ROUND(VLOOKUP(K49,'Factor Table 1'!$D$3:$AD$69,17,FALSE),10))),0) -> 0 | Z49: 0 | AA49: =IFERROR(IF(K49="SF6",1,0),0) -> 0 | AB49: =IFERROR(IF(K49="NF3",1,0),0) -> 0 | AC49: =IFERROR(IF(OR(K49="CO2",K49="CH4",K49="N2O"),VLOOKUP($K49,'Factor Table 1'!$D$3:$AD$69,19,FALSE),IFERROR(VLOOKUP(J49,'Factor Table 1'!$C$3:$AD$69,20,FALSE),VLOOKUP(K49,'Factor Table 1'!$D$3:$AD$69,19,FALSE))),"") | AD49: =IF(H49=1,1,0) -> 0 | AE49: =IF(H49=1,IF(盤查結果!$F$6="IPCC第二次評估報告（1995）",'Factor Table 1'!$L$75,IF(盤查結果!$F$6="IPCC第三次評估報告(2001)",'Factor Table 1'!$M$75,IF(盤查結果!$F$6="IPCC第四次評估報告(2007)",'Factor Table 1'!$N$75,IF(盤查結果!$F$6="IPCC第五次評估報告(2013)",'Factor Table 1'!$O$75,IF(盤查結果!$F$6="IPCC第六次評估報告(2021)",'Factor Table 1'!$P$75,0))))),0) -> 0 | AF49: =IF(H49=1,IF(盤查結果!$F$6="IPCC第二次評估報告（1995）",'Factor Table 1'!$L$76,IF(盤查結果!$F$6="IPCC第三次評估報告(2001)",'Factor Table 1'!$M$76,IF(盤查結果!$F$6="IPCC第四次評估報告(2007)",'Factor Table 1'!$N$76,IF(盤查結果!$F$6="IPCC第五次評估報告(2013)",'Factor Table 1'!$O$76,IF(盤查結果!$F$6="IPCC第六次評估報告(2021)",'Factor Table 1'!$P$76,0))))),0) -> 0 | AG49: =IFERROR(IF(H49=1,IF(盤查結果!$F$6="IPCC第二次評估報告（1995）",VLOOKUP(K49,'Factor Table 1'!$D$75:$P$169,9,FALSE),IF(盤查結果!$F$6="IPCC第三次評估報告(2001)",VLOOKUP(K49,'Factor Table 1'!$D$75:$P$169,10,FALSE),IF(盤查結果!$F$6="IPCC第四次評估報告(2007)",VLOOKUP(K49,'Factor Table 1'!$D$75:$P$169,11,FALSE),IF(盤查結果!$F$6="IPCC第五次評估報告(2013)",VLOOKUP(K49,'Factor Table 1'!$D$75:$P$169,12,FALSE),IF(盤查結果!$F$6="IPCC第六次評估報告(2021)",VLOOKUP(K49,'Factor Table 1'!$D$75:$P$169,13,FALSE),0))))),0),0) -> 0 | AH49: 0 | AI49: =IFERROR(IF(H49=1,IF(盤查結果!$F$6="IPCC第二次評估報告（1995）",VLOOKUP(K49,'Factor Table 1'!$D$172:$P$172,9,FALSE),IF(盤查結果!$F$6="IPCC第三次評估報告(2001)",VLOOKUP(K49,'Factor Table 1'!$D$172:$P$172,10,FALSE),IF(盤查結果!$F$6="IPCC第四次評估報告(2007)",VLOOKUP(K49,'Factor Table 1'!$D$172:$P$172,11,FALSE),IF(盤查結果!$F$6="IPCC第五次評估報告(2013)",VLOOKUP(K49,'Factor Table 1'!$D$172:$P$172,12,FALSE),IF(盤查結果!$F$6="IPCC第六次評估報告(2021)",VLOOKUP(K49,'Factor Table 1'!$D$172:$P$172,13,FALSE),0))))),0),0) -> 0 | AJ49: =IFERROR(IF(H49=1,IF(盤查結果!$F$6="IPCC第二次評估報告（1995）",VLOOKUP(K49,'Factor Table 1'!$D$171:$P$171,9,FALSE),IF(盤查結果!$F$6="IPCC第三次評估報告(2001)",VLOOKUP(K49,'Factor Table 1'!$D$171:$P$171,10,FALSE),IF(盤查結果!$F$6="IPCC第四次評估報告(2007)",VLOOKUP(K49,'Factor Table 1'!$D$171:$P$171,11,FALSE),IF(盤查結果!$F$6="IPCC第五次評估報告(2013)",VLOOKUP(K49,'Factor Table 1'!$D$171:$P$171,12,FALSE),IF(盤查結果!$F$6="IPCC第六次評估報告(2021)",VLOOKUP(K49,'Factor Table 1'!$D$171:$P$171,13,FALSE),0))))),0),0) -> 0 | AK49: =$L49*V49*AD49 -> 0 | AL49: =$L49*W49*AE49 -> 0 | AM49: =$L49*X49*AF49 -> 0 | AN49: =$L49*Y49*AG49 -> 0 | AO49: =$L49*Z49*AH49 -> 0 | AP49: =$L49*AA49*AI49 -> 0 | AQ49: =$L49*AB49*AJ49 -> 0 | AR49: =ROUND(SUM(AK49:AQ49),4) -> 0 | AS49: =AR49/($D$3+$Y$57+$Y$63) -> 0 | AT49: =AS49/($D$3+$D$55) -> 0
G50: =IF(K50<>"","逸散排放","") | H50: =IF(K50<>"",1,"") | O50: =IF(V50>0.0000000001,"V","") | P50: =IF(W50>0.0000000001,"V","") | Q50: =IF(X50>0.0000000001,"V","") | R50: =IF(Y50>0.0000000001,"V","") | S50: =IF(Z50>0.0000000001,"V","") | T50: =IF(AA50>0.0000000001,"V","") | U50: =IF(AB50>0.0000000001,"V","") | V50: =IFERROR(ROUND(VLOOKUP($K50,'Factor Table 1'!$D$3:$AD$60,11,FALSE),10),0) -> 0 | W50: =IFERROR(ROUND(VLOOKUP($K50,'Factor Table 1'!$D$3:$AD$60,13,FALSE),10),0) -> 0 | X50: =IFERROR(ROUND(VLOOKUP($K50,'Factor Table 1'!$D$3:$AD$60,15,FALSE),10),0) -> 0 | Y50: =IFERROR(IF(OR(K50="CO2",K50="CH4",K50="N2O"),ROUND(VLOOKUP($K50,'Factor Table 1'!$D$3:$AD$69,17,FALSE),10),IFERROR(ROUND(VLOOKUP(J50,'Factor Table 1'!$C$3:$AD$69,18,FALSE),10),ROUND(VLOOKUP(K50,'Factor Table 1'!$D$3:$AD$69,17,FALSE),10))),0) -> 0 | Z50: 0 | AA50: =IFERROR(IF(K50="SF6",1,0),0) -> 0 | AB50: =IFERROR(IF(K50="NF3",1,0),0) -> 0 | AC50: =IFERROR(IF(OR(K50="CO2",K50="CH4",K50="N2O"),VLOOKUP($K50,'Factor Table 1'!$D$3:$AD$69,19,FALSE),IFERROR(VLOOKUP(J50,'Factor Table 1'!$C$3:$AD$69,20,FALSE),VLOOKUP(K50,'Factor Table 1'!$D$3:$AD$69,19,FALSE))),"") | AD50: =IF(H50=1,1,0) -> 0 | AE50: =IF(H50=1,IF(盤查結果!$F$6="IPCC第二次評估報告（1995）",'Factor Table 1'!$L$75,IF(盤查結果!$F$6="IPCC第三次評估報告(2001)",'Factor Table 1'!$M$75,IF(盤查結果!$F$6="IPCC第四次評估報告(2007)",'Factor Table 1'!$N$75,IF(盤查結果!$F$6="IPCC第五次評估報告(2013)",'Factor Table 1'!$O$75,IF(盤查結果!$F$6="IPCC第六次評估報告(2021)",'Factor Table 1'!$P$75,0))))),0) -> 0 | AF50: =IF(H50=1,IF(盤查結果!$F$6="IPCC第二次評估報告（1995）",'Factor Table 1'!$L$76,IF(盤查結果!$F$6="IPCC第三次評估報告(2001)",'Factor Table 1'!$M$76,IF(盤查結果!$F$6="IPCC第四次評估報告(2007)",'Factor Table 1'!$N$76,IF(盤查結果!$F$6="IPCC第五次評估報告(2013)",'Factor Table 1'!$O$76,IF(盤查結果!$F$6="IPCC第六次評估報告(2021)",'Factor Table 1'!$P$76,0))))),0) -> 0 | AG50: =IFERROR(IF(H50=1,IF(盤查結果!$F$6="IPCC第二次評估報告（1995）",VLOOKUP(K50,'Factor Table 1'!$D$75:$P$169,9,FALSE),IF(盤查結果!$F$6="IPCC第三次評估報告(2001)",VLOOKUP(K50,'Factor Table 1'!$D$75:$P$169,10,FALSE),IF(盤查結果!$F$6="IPCC第四次評估報告(2007)",VLOOKUP(K50,'Factor Table 1'!$D$75:$P$169,11,FALSE),IF(盤查結果!$F$6="IPCC第五次評估報告(2013)",VLOOKUP(K50,'Factor Table 1'!$D$75:$P$169,12,FALSE),IF(盤查結果!$F$6="IPCC第六次評估報告(2021)",VLOOKUP(K50,'Factor Table 1'!$D$75:$P$169,13,FALSE),0))))),0),0) -> 0 | AH50: 0 | AI50: =IFERROR(IF(H50=1,IF(盤查結果!$F$6="IPCC第二次評估報告（1995）",VLOOKUP(K50,'Factor Table 1'!$D$172:$P$172,9,FALSE),IF(盤查結果!$F$6="IPCC第三次評估報告(2001)",VLOOKUP(K50,'Factor Table 1'!$D$172:$P$172,10,FALSE),IF(盤查結果!$F$6="IPCC第四次評估報告(2007)",VLOOKUP(K50,'Factor Table 1'!$D$172:$P$172,11,FALSE),IF(盤查結果!$F$6="IPCC第五次評估報告(2013)",VLOOKUP(K50,'Factor Table 1'!$D$172:$P$172,12,FALSE),IF(盤查結果!$F$6="IPCC第六次評估報告(2021)",VLOOKUP(K50,'Factor Table 1'!$D$172:$P$172,13,FALSE),0))))),0),0) -> 0 | AJ50: =IFERROR(IF(H50=1,IF(盤查結果!$F$6="IPCC第二次評估報告（1995）",VLOOKUP(K50,'Factor Table 1'!$D$171:$P$171,9,FALSE),IF(盤查結果!$F$6="IPCC第三次評估報告(2001)",VLOOKUP(K50,'Factor Table 1'!$D$171:$P$171,10,FALSE),IF(盤查結果!$F$6="IPCC第四次評估報告(2007)",VLOOKUP(K50,'Factor Table 1'!$D$171:$P$171,11,FALSE),IF(盤查結果!$F$6="IPCC第五次評估報告(2013)",VLOOKUP(K50,'Factor Table 1'!$D$171:$P$171,12,FALSE),IF(盤查結果!$F$6="IPCC第六次評估報告(2021)",VLOOKUP(K50,'Factor Table 1'!$D$171:$P$171,13,FALSE),0))))),0),0) -> 0 | AK50: =$L50*V50*AD50 -> 0 | AL50: =$L50*W50*AE50 -> 0 | AM50: =$L50*X50*AF50 -> 0 | AN50: =$L50*Y50*AG50 -> 0 | AO50: =$L50*Z50*AH50 -> 0 | AP50: =$L50*AA50*AI50 -> 0 | AQ50: =$L50*AB50*AJ50 -> 0 | AR50: =ROUND(SUM(AK50:AQ50),4) -> 0 | AS50: =AR50/($D$3+$Y$57+$Y$63) -> 0 | AT50: =AS50/($D$3+$D$55) -> 0
G51: =IF(K51<>"","逸散排放","") | H51: =IF(K51<>"",1,"") | O51: =IF(V51>0.0000000001,"V","") | P51: =IF(W51>0.0000000001,"V","") | Q51: =IF(X51>0.0000000001,"V","") | R51: =IF(Y51>0.0000000001,"V","") | S51: =IF(Z51>0.0000000001,"V","") | T51: =IF(AA51>0.0000000001,"V","") | U51: =IF(AB51>0.0000000001,"V","") | V51: =IFERROR(ROUND(VLOOKUP($K51,'Factor Table 1'!$D$3:$AD$60,11,FALSE),10),0) -> 0 | W51: =IFERROR(ROUND(VLOOKUP($K51,'Factor Table 1'!$D$3:$AD$60,13,FALSE),10),0) -> 0 | X51: =IFERROR(ROUND(VLOOKUP($K51,'Factor Table 1'!$D$3:$AD$60,15,FALSE),10),0) -> 0 | Y51: =IFERROR(IF(OR(K51="CO2",K51="CH4",K51="N2O"),ROUND(VLOOKUP($K51,'Factor Table 1'!$D$3:$AD$69,17,FALSE),10),IFERROR(ROUND(VLOOKUP(J51,'Factor Table 1'!$C$3:$AD$69,18,FALSE),10),ROUND(VLOOKUP(K51,'Factor Table 1'!$D$3:$AD$69,17,FALSE),10))),0) -> 0 | Z51: 0 | AA51: =IFERROR(IF(K51="SF6",1,0),0) -> 0 | AB51: =IFERROR(IF(K51="NF3",1,0),0) -> 0 | AC51: =IFERROR(IF(OR(K51="CO2",K51="CH4",K51="N2O"),VLOOKUP($K51,'Factor Table 1'!$D$3:$AD$69,19,FALSE),IFERROR(VLOOKUP(J51,'Factor Table 1'!$C$3:$AD$69,20,FALSE),VLOOKUP(K51,'Factor Table 1'!$D$3:$AD$69,19,FALSE))),"") | AD51: =IF(H51=1,1,0) -> 0 | AE51: =IF(H51=1,IF(盤查結果!$F$6="IPCC第二次評估報告（1995）",'Factor Table 1'!$L$75,IF(盤查結果!$F$6="IPCC第三次評估報告(2001)",'Factor Table 1'!$M$75,IF(盤查結果!$F$6="IPCC第四次評估報告(2007)",'Factor Table 1'!$N$75,IF(盤查結果!$F$6="IPCC第五次評估報告(2013)",'Factor Table 1'!$O$75,IF(盤查結果!$F$6="IPCC第六次評估報告(2021)",'Factor Table 1'!$P$75,0))))),0) -> 0 | AF51: =IF(H51=1,IF(盤查結果!$F$6="IPCC第二次評估報告（1995）",'Factor Table 1'!$L$76,IF(盤查結果!$F$6="IPCC第三次評估報告(2001)",'Factor Table 1'!$M$76,IF(盤查結果!$F$6="IPCC第四次評估報告(2007)",'Factor Table 1'!$N$76,IF(盤查結果!$F$6="IPCC第五次評估報告(2013)",'Factor Table 1'!$O$76,IF(盤查結果!$F$6="IPCC第六次評估報告(2021)",'Factor Table 1'!$P$76,0))))),0) -> 0 | AG51: =IFERROR(IF(H51=1,IF(盤查結果!$F$6="IPCC第二次評估報告（1995）",VLOOKUP(K51,'Factor Table 1'!$D$75:$P$169,9,FALSE),IF(盤查結果!$F$6="IPCC第三次評估報告(2001)",VLOOKUP(K51,'Factor Table 1'!$D$75:$P$169,10,FALSE),IF(盤查結果!$F$6="IPCC第四次評估報告(2007)",VLOOKUP(K51,'Factor Table 1'!$D$75:$P$169,11,FALSE),IF(盤查結果!$F$6="IPCC第五次評估報告(2013)",VLOOKUP(K51,'Factor Table 1'!$D$75:$P$169,12,FALSE),IF(盤查結果!$F$6="IPCC第六次評估報告(2021)",VLOOKUP(K51,'Factor Table 1'!$D$75:$P$169,13,FALSE),0))))),0),0) -> 0 | AH51: 0 | AI51: =IFERROR(IF(H51=1,IF(盤查結果!$F$6="IPCC第二次評估報告（1995）",VLOOKUP(K51,'Factor Table 1'!$D$172:$P$172,9,FALSE),IF(盤查結果!$F$6="IPCC第三次評估報告(2001)",VLOOKUP(K51,'Factor Table 1'!$D$172:$P$172,10,FALSE),IF(盤查結果!$F$6="IPCC第四次評估報告(2007)",VLOOKUP(K51,'Factor Table 1'!$D$172:$P$172,11,FALSE),IF(盤查結果!$F$6="IPCC第五次評估報告(2013)",VLOOKUP(K51,'Factor Table 1'!$D$172:$P$172,12,FALSE),IF(盤查結果!$F$6="IPCC第六次評估報告(2021)",VLOOKUP(K51,'Factor Table 1'!$D$172:$P$172,13,FALSE),0))))),0),0) -> 0 | AJ51: =IFERROR(IF(H51=1,IF(盤查結果!$F$6="IPCC第二次評估報告（1995）",VLOOKUP(K51,'Factor Table 1'!$D$171:$P$171,9,FALSE),IF(盤查結果!$F$6="IPCC第三次評估報告(2001)",VLOOKUP(K51,'Factor Table 1'!$D$171:$P$171,10,FALSE),IF(盤查結果!$F$6="IPCC第四次評估報告(2007)",VLOOKUP(K51,'Factor Table 1'!$D$171:$P$171,11,FALSE),IF(盤查結果!$F$6="IPCC第五次評估報告(2013)",VLOOKUP(K51,'Factor Table 1'!$D$171:$P$171,12,FALSE),IF(盤查結果!$F$6="IPCC第六次評估報告(2021)",VLOOKUP(K51,'Factor Table 1'!$D$171:$P$171,13,FALSE),0))))),0),0) -> 0 | AK51: =$L51*V51*AD51 -> 0 | AL51: =$L51*W51*AE51 -> 0 | AM51: =$L51*X51*AF51 -> 0 | AN51: =$L51*Y51*AG51 -> 0 | AO51: =$L51*Z51*AH51 -> 0 | AP51: =$L51*AA51*AI51 -> 0 | AQ51: =$L51*AB51*AJ51 -> 0 | AR51: =ROUND(SUM(AK51:AQ51),4) -> 0 | AS51: =AR51/($D$3+$Y$57+$Y$63) -> 0 | AT51: =AS51/($D$3+$D$55) -> 0
G52: =IF(K52<>"","逸散排放","") | H52: =IF(K52<>"",1,"") | O52: =IF(V52>0.0000000001,"V","") | P52: =IF(W52>0.0000000001,"V","") | Q52: =IF(X52>0.0000000001,"V","") | R52: =IF(Y52>0.0000000001,"V","") | S52: =IF(Z52>0.0000000001,"V","") | T52: =IF(AA52>0.0000000001,"V","") | U52: =IF(AB52>0.0000000001,"V","") | V52: =IFERROR(ROUND(VLOOKUP($K52,'Factor Table 1'!$D$3:$AD$60,11,FALSE),10),0) -> 0 | W52: =IFERROR(ROUND(VLOOKUP($K52,'Factor Table 1'!$D$3:$AD$60,13,FALSE),10),0) -> 0 | X52: =IFERROR(ROUND(VLOOKUP($K52,'Factor Table 1'!$D$3:$AD$60,15,FALSE),10),0) -> 0 | Y52: =IFERROR(IF(OR(K52="CO2",K52="CH4",K52="N2O"),ROUND(VLOOKUP($K52,'Factor Table 1'!$D$3:$AD$69,17,FALSE),10),IFERROR(ROUND(VLOOKUP(J52,'Factor Table 1'!$C$3:$AD$69,18,FALSE),10),ROUND(VLOOKUP(K52,'Factor Table 1'!$D$3:$AD$69,17,FALSE),10))),0) -> 0 | Z52: 0 | AA52: =IFERROR(IF(K52="SF6",1,0),0) -> 0 | AB52: =IFERROR(IF(K52="NF3",1,0),0) -> 0 | AC52: =IFERROR(IF(OR(K52="CO2",K52="CH4",K52="N2O"),VLOOKUP($K52,'Factor Table 1'!$D$3:$AD$69,19,FALSE),IFERROR(VLOOKUP(J52,'Factor Table 1'!$C$3:$AD$69,20,FALSE),VLOOKUP(K52,'Factor Table 1'!$D$3:$AD$69,19,FALSE))),"") | AD52: =IF(H52=1,1,0) -> 0 | AE52: =IF(H52=1,IF(盤查結果!$F$6="IPCC第二次評估報告（1995）",'Factor Table 1'!$L$75,IF(盤查結果!$F$6="IPCC第三次評估報告(2001)",'Factor Table 1'!$M$75,IF(盤查結果!$F$6="IPCC第四次評估報告(2007)",'Factor Table 1'!$N$75,IF(盤查結果!$F$6="IPCC第五次評估報告(2013)",'Factor Table 1'!$O$75,IF(盤查結果!$F$6="IPCC第六次評估報告(2021)",'Factor Table 1'!$P$75,0))))),0) -> 0 | AF52: =IF(H52=1,IF(盤查結果!$F$6="IPCC第二次評估報告（1995）",'Factor Table 1'!$L$76,IF(盤查結果!$F$6="IPCC第三次評估報告(2001)",'Factor Table 1'!$M$76,IF(盤查結果!$F$6="IPCC第四次評估報告(2007)",'Factor Table 1'!$N$76,IF(盤查結果!$F$6="IPCC第五次評估報告(2013)",'Factor Table 1'!$O$76,IF(盤查結果!$F$6="IPCC第六次評估報告(2021)",'Factor Table 1'!$P$76,0))))),0) -> 0 | AG52: =IFERROR(IF(H52=1,IF(盤查結果!$F$6="IPCC第二次評估報告（1995）",VLOOKUP(K52,'Factor Table 1'!$D$75:$P$169,9,FALSE),IF(盤查結果!$F$6="IPCC第三次評估報告(2001)",VLOOKUP(K52,'Factor Table 1'!$D$75:$P$169,10,FALSE),IF(盤查結果!$F$6="IPCC第四次評估報告(2007)",VLOOKUP(K52,'Factor Table 1'!$D$75:$P$169,11,FALSE),IF(盤查結果!$F$6="IPCC第五次評估報告(2013)",VLOOKUP(K52,'Factor Table 1'!$D$75:$P$169,12,FALSE),IF(盤查結果!$F$6="IPCC第六次評估報告(2021)",VLOOKUP(K52,'Factor Table 1'!$D$75:$P$169,13,FALSE),0))))),0),0) -> 0 | AH52: 0 | AI52: =IFERROR(IF(H52=1,IF(盤查結果!$F$6="IPCC第二次評估報告（1995）",VLOOKUP(K52,'Factor Table 1'!$D$172:$P$172,9,FALSE),IF(盤查結果!$F$6="IPCC第三次評估報告(2001)",VLOOKUP(K52,'Factor Table 1'!$D$172:$P$172,10,FALSE),IF(盤查結果!$F$6="IPCC第四次評估報告(2007)",VLOOKUP(K52,'Factor Table 1'!$D$172:$P$172,11,FALSE),IF(盤查結果!$F$6="IPCC第五次評估報告(2013)",VLOOKUP(K52,'Factor Table 1'!$D$172:$P$172,12,FALSE),IF(盤查結果!$F$6="IPCC第六次評估報告(2021)",VLOOKUP(K52,'Factor Table 1'!$D$172:$P$172,13,FALSE),0))))),0),0) -> 0 | AJ52: =IFERROR(IF(H52=1,IF(盤查結果!$F$6="IPCC第二次評估報告（1995）",VLOOKUP(K52,'Factor Table 1'!$D$171:$P$171,9,FALSE),IF(盤查結果!$F$6="IPCC第三次評估報告(2001)",VLOOKUP(K52,'Factor Table 1'!$D$171:$P$171,10,FALSE),IF(盤查結果!$F$6="IPCC第四次評估報告(2007)",VLOOKUP(K52,'Factor Table 1'!$D$171:$P$171,11,FALSE),IF(盤查結果!$F$6="IPCC第五次評估報告(2013)",VLOOKUP(K52,'Factor Table 1'!$D$171:$P$171,12,FALSE),IF(盤查結果!$F$6="IPCC第六次評估報告(2021)",VLOOKUP(K52,'Factor Table 1'!$D$171:$P$171,13,FALSE),0))))),0),0) -> 0 | AK52: =$L52*V52*AD52 -> 0 | AL52: =$L52*W52*AE52 -> 0 | AM52: =$L52*X52*AF52 -> 0 | AN52: =$L52*Y52*AG52 -> 0 | AO52: =$L52*Z52*AH52 -> 0 | AP52: =$L52*AA52*AI52 -> 0 | AQ52: =$L52*AB52*AJ52 -> 0 | AR52: =ROUND(SUM(AK52:AQ52),4) -> 0 | AS52: =AR52/($D$3+$Y$57+$Y$63) -> 0 | AT52: =AS52/($D$3+$D$55) -> 0
B53: 1.5 | C53: 土地利用變更和森林 (LULUCF) 的直接排放和移除 | G53: =IF(K53<>"","土地排放","") | H53: =IF(K53<>"",1,"") | I53: =IF(COUNTA(K53)>0,"有","無") -> 無 | O53: =IF(V53>0.0000000001,"V","") | P53: =IF(W53>0.0000000001,"V","") | Q53: =IF(X53>0.0000000001,"V","") | R53: =IF(Y53>0.0000000001,"V","") | S53: =IF(Z53>0.0000000001,"V","") | T53: =IF(AA53>0.0000000001,"V","") | U53: =IF(AB53>0.0000000001,"V","") | AD53: =IF(H53=1,1,0) -> 0 | AE53: =IF(H53=1,IF(盤查結果!$F$6="IPCC第二次評估報告（1995）",'Factor Table 1'!$L$75,IF(盤查結果!$F$6="IPCC第三次評估報告(2001)",'Factor Table 1'!$M$75,IF(盤查結果!$F$6="IPCC第四次評估報告(2007)",'Factor Table 1'!$N$75,IF(盤查結果!$F$6="IPCC第五次評估報告(2013)",'Factor Table 1'!$O$75,IF(盤查結果!$F$6="IPCC第六次評估報告(2021)",'Factor Table 1'!$P$75,0))))),0) -> 0 | AF53: =IF(H53=1,IF(盤查結果!$F$6="IPCC第二次評估報告（1995）",'Factor Table 1'!$L$76,IF(盤查結果!$F$6="IPCC第三次評估報告(2001)",'Factor Table 1'!$M$76,IF(盤查結果!$F$6="IPCC第四次評估報告(2007)",'Factor Table 1'!$N$76,IF(盤查結果!$F$6="IPCC第五次評估報告(2013)",'Factor Table 1'!$O$76,IF(盤查結果!$F$6="IPCC第六次評估報告(2021)",'Factor Table 1'!$P$76,0))))),0) -> 0 | AG53: =IFERROR(IF(H53=1,IF(盤查結果!$F$6="IPCC第二次評估報告（1995）",VLOOKUP(K53,'Factor Table 1'!$D$75:$P$169,9,FALSE),IF(盤查結果!$F$6="IPCC第三次評估報告(2001)",VLOOKUP(K53,'Factor Table 1'!$D$75:$P$169,10,FALSE),IF(盤查結果!$F$6="IPCC第四次評估報告(2007)",VLOOKUP(K53,'Factor Table 1'!$D$75:$P$169,11,FALSE),IF(盤查結果!$F$6="IPCC第五次評估報告(2013)",VLOOKUP(K53,'Factor Table 1'!$D$75:$P$169,12,FALSE),IF(盤查結果!$F$6="IPCC第六次評估報告(2021)",VLOOKUP(K53,'Factor Table 1'!$D$75:$P$169,13,FALSE),0))))),0),0) -> 0 | AH53: 0 | AI53: =IFERROR(IF(H53=1,IF(盤查結果!$F$6="IPCC第二次評估報告（1995）",VLOOKUP(K53,'Factor Table 1'!$D$172:$P$172,9,FALSE),IF(盤查結果!$F$6="IPCC第三次評估報告(2001)",VLOOKUP(K53,'Factor Table 1'!$D$172:$P$172,10,FALSE),IF(盤查結果!$F$6="IPCC第四次評估報告(2007)",VLOOKUP(K53,'Factor Table 1'!$D$172:$P$172,11,FALSE),IF(盤查結果!$F$6="IPCC第五次評估報告(2013)",VLOOKUP(K53,'Factor Table 1'!$D$172:$P$172,12,FALSE),IF(盤查結果!$F$6="IPCC第六次評估報告(2021)",VLOOKUP(K53,'Factor Table 1'!$D$172:$P$172,13,FALSE),0))))),0),0) -> 0 | AJ53: =IFERROR(IF(H53=1,IF(盤查結果!$F$6="IPCC第二次評估報告（1995）",VLOOKUP(K53,'Factor Table 1'!$D$171:$P$171,9,FALSE),IF(盤查結果!$F$6="IPCC第三次評估報告(2001)",VLOOKUP(K53,'Factor Table 1'!$D$171:$P$171,10,FALSE),IF(盤查結果!$F$6="IPCC第四次評估報告(2007)",VLOOKUP(K53,'Factor Table 1'!$D$171:$P$171,11,FALSE),IF(盤查結果!$F$6="IPCC第五次評估報告(2013)",VLOOKUP(K53,'Factor Table 1'!$D$171:$P$171,12,FALSE),IF(盤查結果!$F$6="IPCC第六次評估報告(2021)",VLOOKUP(K53,'Factor Table 1'!$D$171:$P$171,13,FALSE),0))))),0),0) -> 0 | AK53: =$L53*V53*AD53 -> 0 | AL53: =$L53*W53*AE53 -> 0 | AM53: =$L53*X53*AF53 -> 0 | AN53: =$L53*Y53*AG53 -> 0 | AO53: =$L53*Z53*AH53 -> 0 | AP53: =$L53*AA53*AI53 -> 0 | AQ53: =$L53*AB53*AJ53 -> 0 | AR53: =ROUND(SUM(AK53:AQ53),4) -> 0 | AS53: =AR53/($D$3+$Y$57+$Y$63) -> 0 | AT53: =AS53/($D$3+$D$55) -> 0
M54: 參數1 | N54: 參數2 | O54: 參數3 | P54: 參數4 | Q54: 參數5
B55: 間接溫室氣體排放 | D55: =ROUND(Z57+Z59+Z63+Z65+Z69+Z70+Z77+Z78+Z85+Z95+Z103+Z107+Z108+Z113+Z114+Z115+Z120+Z122+Z123,4) -> 1566.4647 | F55: 噸CO2e | I55: 排放源鑑別 | K55: 是否有此排放源 | L55: 是否納入盤查 | M55: =IF(重大性判定原則!B2=0,"",重大性判定原則!B2) -> 資訊取得難易度 | N55: =IF(重大性判定原則!C2=0,"",重大性判定原則!C2) -> 活動數據準確性 | O55: =IF(重大性判定原則!D2=0,"",重大性判定原則!D2) -> 數據收集及準備時間 | P55: =IF(重大性判定原則!E2=0,"",重大性判定原則!E2) -> 是否為預期使用者需求必要要求 | Q55: =IF(重大性判定原則!F2=0,"",重大性判定原則!F2) | R55: 重大性得分 | S55: 重大性鑑別 (S/NS) | T55: 活動數據 | U55: 活動數據單位 | V55: 活動數據佐證 | W55: 排放係數 | X55: 排放係數來源 | Y55: 小計t-CO2e | Z55: 合計t-CO2e
B56: 類別 2: | C56: 輸入能源的間接溫室氣體排放
B57: 2.1 | C57: 輸入電力的間接排放 | H57: =IF(L57="是",2,"") -> 2 | I57: =IF(COUNTIF(K57,"v")>0,"有","無") -> 有 | J57: 外購電力 | K57: v | L57: =IF(AND(K57="v",S57="S"),"是",IF(K57="x","不適用","否")) -> 是 | M57: 可於組織內直接取得 | N57: 自動連續量測 | O57: 6個月以內 | P57: 是 | R57: =IFERROR((INDEX(重大性判定原則!$A$3:$A$5,MATCH(盤查表單!M57,OFFSET(重大性判定原則!$A$3,,MATCH(盤查表單!$M$55,重大性判定原則!$B$2:$F$2,0),12,1),0),1)*重大性判定原則!$B$6+INDEX(重大性判定原則!$A$3:$A$5,MATCH(N57,OFFSET(重大性判定原則!$A$3,,MATCH($N$55,重大性判定原則!$B$2:$F$2,0),12,1),0),1)*重大性判定原則!$C$6+INDEX(重大性判定原則!$A$3:$A$5,MATCH(O57,OFFSET(重大性判定原則!$A$3,,MATCH($O$55,重大性判定原則!$B$2:$F$2,0),12,1),0),1)*重大性判定原則!$D$6)+(INDEX(重大性判定原則!$A$3:$A$5,MATCH(P57,OFFSET(重大性判定原則!$A$3,,MATCH($P$55,重大性判定原則!$B$2:$F$2,0),12,1),0),1)*重大性判定原則!$E$6),0) -> 6 | S57: =IF(R57>重大性判定原則!$C$9,"S","NS") -> S | T57: 577.503 | U57: 千度 | V57: 台電電費通知單 | W57: 0.494 | X57: 能源署公告係數 | Y57: =ROUND(T57*W57,4) -> 285.2865 | Z57: =Y57 -> 285.2865 | AO57: =IFERROR(INDEX(重大性判定原則!$A$3:$A$5,MATCH(Q57,OFFSET(重大性判定原則!$A$3,,MATCH($Q$55,重大性判定原則!$B$2:$F$2,0),12,1),0),1),"")
H58: =IF(L58="是",2,"") | I58: =IF(COUNTIF(K58,"v")>0,"有","無") -> 無 | J58: 直供-再生能源電力 | K58: x | L58: =IF(AND(K58="v",S58="S"),"是",IF(K58="x","不適用","否")) -> 不適用 | R58: =IFERROR((INDEX(重大性判定原則!$A$3:$A$5,MATCH(盤查表單!M58,OFFSET(重大性判定原則!$A$3,,MATCH(盤查表單!$M$55,重大性判定原則!$B$2:$F$2,0),12,1),0),1)*重大性判定原則!$B$6+INDEX(重大性判定原則!$A$3:$A$5,MATCH(N58,OFFSET(重大性判定原則!$A$3,,MATCH($N$55,重大性判定原則!$B$2:$F$2,0),12,1),0),1)*重大性判定原則!$C$6+INDEX(重大性判定原則!$A$3:$A$5,MATCH(O58,OFFSET(重大性判定原則!$A$3,,MATCH($O$55,重大性判定原則!$B$2:$F$2,0),12,1),0),1)*重大性判定原則!$D$6)+(INDEX(重大性判定原則!$A$3:$A$5,MATCH(P58,OFFSET(重大性判定原則!$A$3,,MATCH($P$55,重大性判定原則!$B$2:$F$2,0),12,1),0),1)*重大性判定原則!$E$6),0) -> 0 | S58: =IF(R58>重大性判定原則!$C$9,"S","NS") -> NS | U58: 千度 | V58: 電費單 | W58: 0 | X58: 再生能源公司 | Y58: =ROUND(T58*W58,4) -> 0 | Z58: =Y58 -> 0
H59: =IF(L59="是",2,"") -> 2 | I59: =IF(COUNTIF(K59,"v")>0,"有","無") -> 有 | J59: 轉供-再生能源電力 | K59: v | L59: =IF(AND(K59="v",S59="S"),"是",IF(K59="x","不適用","否")) -> 是 | M59: 可於組織內直接取得 | N59: 自動連續量測 | O59: 6個月以內 | P59: 是 | R59: =IFERROR((INDEX(重大性判定原則!$A$3:$A$5,MATCH(盤查表單!M59,OFFSET(重大性判定原則!$A$3,,MATCH(盤查表單!$M$55,重大性判定原則!$B$2:$F$2,0),12,1),0),1)*重大性判定原則!$B$6+INDEX(重大性判定原則!$A$3:$A$5,MATCH(N59,OFFSET(重大性判定原則!$A$3,,MATCH($N$55,重大性判定原則!$B$2:$F$2,0),12,1),0),1)*重大性判定原則!$C$6+INDEX(重大性判定原則!$A$3:$A$5,MATCH(O59,OFFSET(重大性判定原則!$A$3,,MATCH($O$55,重大性判定原則!$B$2:$F$2,0),12,1),0),1)*重大性判定原則!$D$6)+(INDEX(重大性判定原則!$A$3:$A$5,MATCH(P59,OFFSET(重大性判定原則!$A$3,,MATCH($P$55,重大性判定原則!$B$2:$F$2,0),12,1),0),1)*重大性判定原則!$E$6),0) -> 6 | S59: =IF(R59>重大性判定原則!$C$9,"S","NS") -> S | T59: 2418.696 | U59: 千度 註 | V59: 轉供再生能源單據 | W59: 0.494 | X59: 能源署公告係數 | Y59: =ROUND(T59*W59,4) -> 1194.8358 | Z59: =Y59 -> 1194.8358
H60: =IF(L60="是",2,"") -> 2 | I60: =IF(COUNTIF(K60,"v")>0,"有","無") -> 有 | J60: 自發自用-再生能源電力 | K60: v | L60: =IF(AND(K60="v",S60="S"),"是",IF(K60="x","不適用","否")) -> 是 | M60: 可於組織內直接取得 | N60: 自動連續量測 | O60: 6個月以內 | P60: 是 | R60: =IFERROR((INDEX(重大性判定原則!$A$3:$A$5,MATCH(盤查表單!M60,OFFSET(重大性判定原則!$A$3,,MATCH(盤查表單!$M$55,重大性判定原則!$B$2:$F$2,0),12,1),0),1)*重大性判定原則!$B$6+INDEX(重大性判定原則!$A$3:$A$5,MATCH(N60,OFFSET(重大性判定原則!$A$3,,MATCH($N$55,重大性判定原則!$B$2:$F$2,0),12,1),0),1)*重大性判定原則!$C$6+INDEX(重大性判定原則!$A$3:$A$5,MATCH(O60,OFFSET(重大性判定原則!$A$3,,MATCH($O$55,重大性判定原則!$B$2:$F$2,0),12,1),0),1)*重大性判定原則!$D$6)+(INDEX(重大性判定原則!$A$3:$A$5,MATCH(P60,OFFSET(重大性判定原則!$A$3,,MATCH($P$55,重大性判定原則!$B$2:$F$2,0),12,1),0),1)*重大性判定原則!$E$6),0) -> 6 | S60: =IF(R60>重大性判定原則!$C$9,"S","NS") -> S | T60: 186 | U60: 千度 註 | V60: 國家再生能源憑證 | W60: 0 | X60: 無 | Y60: =ROUND(T60*W60,4) -> 0 | Z60: =Y60 -> 0
H61: =IF(L61="是",2,"") | I61: =IF(COUNTIF(K61,"v")>0,"有","無") -> 無 | J61: 購買之再生能源憑證T-REC (非自發自用申請之憑證) | K61: x | L61: =IF(AND(K61="v",S61="S"),"是",IF(K61="x","不適用","否")) -> 不適用 | R61: =IFERROR((INDEX(重大性判定原則!$A$3:$A$5,MATCH(盤查表單!M61,OFFSET(重大性判定原則!$A$3,,MATCH(盤查表單!$M$55,重大性判定原則!$B$2:$F$2,0),12,1),0),1)*重大性判定原則!$B$6+INDEX(重大性判定原則!$A$3:$A$5,MATCH(N61,OFFSET(重大性判定原則!$A$3,,MATCH($N$55,重大性判定原則!$B$2:$F$2,0),12,1),0),1)*重大性判定原則!$C$6+INDEX(重大性判定原則!$A$3:$A$5,MATCH(O61,OFFSET(重大性判定原則!$A$3,,MATCH($O$55,重大性判定原則!$B$2:$F$2,0),12,1),0),1)*重大性判定原則!$D$6)+(INDEX(重大性判定原則!$A$3:$A$5,MATCH(P61,OFFSET(重大性判定原則!$A$3,,MATCH($P$55,重大性判定原則!$B$2:$F$2,0),12,1),0),1)*重大性判定原則!$E$6),0) -> 0 | S61: =IF(R61>重大性判定原則!$C$9,"S","NS") -> NS | U61: 千度 | V61: 再生能源憑證中心 | W61: 0 | X61: 無 | Y61: =ROUND(T61*W61,4) -> 0 | Z61: =Y61 -> 0
H62: =IF(L62="是",2,"") | I62: =IF(COUNTIF(K62,"v")>0,"有","無") -> 無 | J62: 購買之I-REC(非自發自用申請之憑證) | K62: x | L62: =IF(AND(K62="v",S62="S"),"是",IF(K62="x","不適用","否")) -> 不適用 | R62: =IFERROR((INDEX(重大性判定原則!$A$3:$A$5,MATCH(盤查表單!M62,OFFSET(重大性判定原則!$A$3,,MATCH(盤查表單!$M$55,重大性判定原則!$B$2:$F$2,0),12,1),0),1)*重大性判定原則!$B$6+INDEX(重大性判定原則!$A$3:$A$5,MATCH(N62,OFFSET(重大性判定原則!$A$3,,MATCH($N$55,重大性判定原則!$B$2:$F$2,0),12,1),0),1)*重大性判定原則!$C$6+INDEX(重大性判定原則!$A$3:$A$5,MATCH(O62,OFFSET(重大性判定原則!$A$3,,MATCH($O$55,重大性判定原則!$B$2:$F$2,0),12,1),0),1)*重大性判定原則!$D$6)+(INDEX(重大性判定原則!$A$3:$A$5,MATCH(P62,OFFSET(重大性判定原則!$A$3,,MATCH($P$55,重大性判定原則!$B$2:$F$2,0),12,1),0),1)*重大性判定原則!$E$6),0) -> 0 | S62: =IF(R62>重大性判定原則!$C$9,"S","NS") -> NS | U62: 千度 | V62: 國際交易市場 | W62: 0 | X62: 無 | Y62: =ROUND(T62*W62,4) -> 0 | Z62: =Y62 -> 0
B63: 2.2 | C63: 輸入能源的間接排放 | H63: =IF(L63="是",2,"") | I63: =IF(COUNTIF(K63,"v")>0,"有","無") -> 無 | K63: x | L63: =IF(AND(K63="v",S63="S"),"是",IF(K63="x","不適用","否")) -> 不適用 | M63: 須由外部組織取得 | N63: 自動連續量測 | O63: 6個月以內 | P63: 是 | R63: =IFERROR((INDEX(重大性判定原則!$A$3:$A$5,MATCH(盤查表單!M63,OFFSET(重大性判定原則!$A$3,,MATCH(盤查表單!$M$55,重大性判定原則!$B$2:$F$2,0),12,1),0),1)*重大性判定原則!$B$6+INDEX(重大性判定原則!$A$3:$A$5,MATCH(N63,OFFSET(重大性判定原則!$A$3,,MATCH($N$55,重大性判定原則!$B$2:$F$2,0),12,1),0),1)*重大性判定原則!$C$6+INDEX(重大性判定原則!$A$3:$A$5,MATCH(O63,OFFSET(重大性判定原則!$A$3,,MATCH($O$55,重大性判定原則!$B$2:$F$2,0),12,1),0),1)*重大性判定原則!$D$6)+(INDEX(重大性判定原則!$A$3:$A$5,MATCH(P63,OFFSET(重大性判定原則!$A$3,,MATCH($P$55,重大性判定原則!$B$2:$F$2,0),12,1),0),1)*重大性判定原則!$E$6),0) -> 5.7 | S63: =IF(R63>重大性判定原則!$C$9,"S","NS") -> S | Y63: =ROUND(T63*W63,4) -> 0 | Z63: =Y63 -> 0 | AO63: =IFERROR(INDEX(重大性判定原則!$A$3:$A$5,MATCH(Q63,OFFSET(重大性判定原則!$A$3,,MATCH($Q$55,重大性判定原則!$B$2:$F$2,0),12,1),0),1),"")
B64: 類別 3: | C64: 運輸產生的間接溫室氣體排放 | AO64: =IFERROR(INDEX(重大性判定原則!$A$3:$A$5,MATCH(Q64,OFFSET(重大性判定原則!$A$3,,MATCH($Q$55,重大性判定原則!$B$2:$F$2,0),12,1),0),1),"")
B65: 3.1 | C65: 上游運輸和貨物配送產生的排放 | H65: =IF(L65="是",3,"") | I65: =IF(COUNTIF(K65:K68,"v")>0,"有","無") -> 有 | J65: 直接材料運輸 | K65: v | L65: =IF(AND(K65="v",S65="S"),"是",IF(K65="x","不適用","否")) -> 否 | M65: 可於組織內直接取得 | N65: 自行推估 | O65: 1年以上 | P65: 否 | R65: =IFERROR((INDEX(重大性判定原則!$A$3:$A$5,MATCH(盤查表單!M65,OFFSET(重大性判定原則!$A$3,,MATCH(盤查表單!$M$55,重大性判定原則!$B$2:$F$2,0),12,1),0),1)*重大性判定原則!$B$6+INDEX(重大性判定原則!$A$3:$A$5,MATCH(N65,OFFSET(重大性判定原則!$A$3,,MATCH($N$55,重大性判定原則!$B$2:$F$2,0),12,1),0),1)*重大性判定原則!$C$6+INDEX(重大性判定原則!$A$3:$A$5,MATCH(O65,OFFSET(重大性判定原則!$A$3,,MATCH($O$55,重大性判定原則!$B$2:$F$2,0),12,1),0),1)*重大性判定原則!$D$6)+(INDEX(重大性判定原則!$A$3:$A$5,MATCH(P65,OFFSET(重大性判定原則!$A$3,,MATCH($P$55,重大性判定原則!$B$2:$F$2,0),12,1),0),1)*重大性判定原則!$E$6),0) -> 2.6 | S65: =IF(R65>重大性判定原則!$C$9,"S","NS") -> NS | Y65: =ROUND(T65*W65,4) -> 0 | Z65: =SUM(Y65:Y68) -> 0 | AO65: =IFERROR(INDEX(重大性判定原則!$A$3:$A$5,MATCH(Q65,OFFSET(重大性判定原則!$A$3,,MATCH($Q$55,重大性判定原則!$B$2:$F$2,0),12,1),0),1),"")
H66: =IF(L66="是",3,"") | J66: 輔助材料運輸 | K66: v | L66: =IF(AND(K66="v",S66="S"),"是",IF(K66="x","不適用","否")) -> 否 | M66: 可於組織內直接取得 | N66: 自行推估 | O66: 1年以上 | P66: 否 | R66: =IFERROR((INDEX(重大性判定原則!$A$3:$A$5,MATCH(盤查表單!M66,OFFSET(重大性判定原則!$A$3,,MATCH(盤查表單!$M$55,重大性判定原則!$B$2:$F$2,0),12,1),0),1)*重大性判定原則!$B$6+INDEX(重大性判定原則!$A$3:$A$5,MATCH(N66,OFFSET(重大性判定原則!$A$3,,MATCH($N$55,重大性判定原則!$B$2:$F$2,0),12,1),0),1)*重大性判定原則!$C$6+INDEX(重大性判定原則!$A$3:$A$5,MATCH(O66,OFFSET(重大性判定原則!$A$3,,MATCH($O$55,重大性判定原則!$B$2:$F$2,0),12,1),0),1)*重大性判定原則!$D$6)+(INDEX(重大性判定原則!$A$3:$A$5,MATCH(P66,OFFSET(重大性判定原則!$A$3,,MATCH($P$55,重大性判定原則!$B$2:$F$2,0),12,1),0),1)*重大性判定原則!$E$6),0) -> 2.6 | S66: =IF(R66>重大性判定原則!$C$9,"S","NS") -> NS | Y66: =ROUND(T66*W66,4) -> 0 | AO66: =IFERROR(INDEX(重大性判定原則!$A$3:$A$5,MATCH(Q66,OFFSET(重大性判定原則!$A$3,,MATCH($Q$55,重大性判定原則!$B$2:$F$2,0),12,1),0),1),"")
H67: =IF(L67="是",3,"") | J67: 資材運輸 | K67: v | L67: =IF(AND(K67="v",S67="S"),"是",IF(K67="x","不適用","否")) -> 否 | M67: 可於組織內直接取得 | N67: 自行推估 | O67: 1年以上 | P67: 否 | R67: =IFERROR((INDEX(重大性判定原則!$A$3:$A$5,MATCH(盤查表單!M67,OFFSET(重大性判定原則!$A$3,,MATCH(盤查表單!$M$55,重大性判定原則!$B$2:$F$2,0),12,1),0),1)*重大性判定原則!$B$6+INDEX(重大性判定原則!$A$3:$A$5,MATCH(N67,OFFSET(重大性判定原則!$A$3,,MATCH($N$55,重大性判定原則!$B$2:$F$2,0),12,1),0),1)*重大性判定原則!$C$6+INDEX(重大性判定原則!$A$3:$A$5,MATCH(O67,OFFSET(重大性判定原則!$A$3,,MATCH($O$55,重大性判定原則!$B$2:$F$2,0),12,1),0),1)*重大性判定原則!$D$6)+(INDEX(重大性判定原則!$A$3:$A$5,MATCH(P67,OFFSET(重大性判定原則!$A$3,,MATCH($P$55,重大性判定原則!$B$2:$F$2,0),12,1),0),1)*重大性判定原則!$E$6),0) -> 2.6 | S67: =IF(R67>重大性判定原則!$C$9,"S","NS") -> NS | Y67: =ROUND(T67*W67,4) -> 0 | AO67: =IFERROR(INDEX(重大性判定原則!$A$3:$A$5,MATCH(Q67,OFFSET(重大性判定原則!$A$3,,MATCH($Q$55,重大性判定原則!$B$2:$F$2,0),12,1),0),1),"")
H68: =IF(L68="是",3,"") | J68: 包材運輸 | K68: v | L68: =IF(AND(K68="v",S68="S"),"是",IF(K68="x","不適用","否")) -> 否 | M68: 可於組織內直接取得 | N68: 自行推估 | O68: 1年以上 | P68: 否 | R68: =IFERROR((INDEX(重大性判定原則!$A$3:$A$5,MATCH(盤查表單!M68,OFFSET(重大性判定原則!$A$3,,MATCH(盤查表單!$M$55,重大性判定原則!$B$2:$F$2,0),12,1),0),1)*重大性判定原則!$B$6+INDEX(重大性判定原則!$A$3:$A$5,MATCH(N68,OFFSET(重大性判定原則!$A$3,,MATCH($N$55,重大性判定原則!$B$2:$F$2,0),12,1),0),1)*重大性判定原則!$C$6+INDEX(重大性判定原則!$A$3:$A$5,MATCH(O68,OFFSET(重大性判定原則!$A$3,,MATCH($O$55,重大性判定原則!$B$2:$F$2,0),12,1),0),1)*重大性判定原則!$D$6)+(INDEX(重大性判定原則!$A$3:$A$5,MATCH(P68,OFFSET(重大性判定原則!$A$3,,MATCH($P$55,重大性判定原則!$B$2:$F$2,0),12,1),0),1)*重大性判定原則!$E$6),0) -> 2.6 | S68: =IF(R68>重大性判定原則!$C$9,"S","NS") -> NS | Y68: =ROUND(T68*W68,4) -> 0 | AO68: =IFERROR(INDEX(重大性判定原則!$A$3:$A$5,MATCH(Q68,OFFSET(重大性判定原則!$A$3,,MATCH($Q$55,重大性判定原則!$B$2:$F$2,0),12,1),0),1),"")
B69: 3.2 | C69: 下游運輸和貨物配送產生的排放 | H69: =IF(L69="是",3,"") | I69: =IF(COUNTIF(K69,"v")>0,"有","無") -> 有 | J69: 產品配送運輸 | K69: v | L69: =IF(AND(K69="v",S69="S"),"是",IF(K69="x","不適用","否")) -> 否 | M69: 可於組織內直接取得 | N69: 自行推估 | O69: 1年以上 | P69: 否 | R69: =IFERROR((INDEX(重大性判定原則!$A$3:$A$5,MATCH(盤查表單!M69,OFFSET(重大性判定原則!$A$3,,MATCH(盤查表單!$M$55,重大性判定原則!$B$2:$F$2,0),12,1),0),1)*重大性判定原則!$B$6+INDEX(重大性判定原則!$A$3:$A$5,MATCH(N69,OFFSET(重大性判定原則!$A$3,,MATCH($N$55,重大性判定原則!$B$2:$F$2,0),12,1),0),1)*重大性判定原則!$C$6+INDEX(重大性判定原則!$A$3:$A$5,MATCH(O69,OFFSET(重大性判定原則!$A$3,,MATCH($O$55,重大性判定原則!$B$2:$F$2,0),12,1),0),1)*重大性判定原則!$D$6)+(INDEX(重大性判定原則!$A$3:$A$5,MATCH(P69,OFFSET(重大性判定原則!$A$3,,MATCH($P$55,重大性判定原則!$B$2:$F$2,0),12,1),0),1)*重大性判定原則!$E$6),0) -> 2.6 | S69: =IF(R69>重大性判定原則!$C$9,"S","NS") -> NS | Y69: =ROUND(T69*W69,4) -> 0 | Z69: =Y69 -> 0 | AO69: =IFERROR(INDEX(重大性判定原則!$A$3:$A$5,MATCH(Q69,OFFSET(重大性判定原則!$A$3,,MATCH($Q$55,重大性判定原則!$B$2:$F$2,0),12,1),0),1),"")
B70: 3.3 | C70: 員工通勤產生的排放 | H70: =IF(L70="是",3,"") | I70: =IF(COUNTIF(K70:K76,"v")>0,"有","無") -> 有 | J70: 捷運 | K70: v | L70: =IF(AND(K70="v",S70="S"),"是",IF(K70="x","不適用","否")) -> 否 | M70: 須由外部組織取得 | N70: 自行推估 | O70: 6個月以內 | P70: 否 | R70: =IFERROR((INDEX(重大性判定原則!$A$3:$A$5,MATCH(盤查表單!M70,OFFSET(重大性判定原則!$A$3,,MATCH(盤查表單!$M$55,重大性判定原則!$B$2:$F$2,0),12,1),0),1)*重大性判定原則!$B$6+INDEX(重大性判定原則!$A$3:$A$5,MATCH(N70,OFFSET(重大性判定原則!$A$3,,MATCH($N$55,重大性判定原則!$B$2:$F$2,0),12,1),0),1)*重大性判定原則!$C$6+INDEX(重大性判定原則!$A$3:$A$5,MATCH(O70,OFFSET(重大性判定原則!$A$3,,MATCH($O$55,重大性判定原則!$B$2:$F$2,0),12,1),0),1)*重大性判定原則!$D$6)+(INDEX(重大性判定原則!$A$3:$A$5,MATCH(P70,OFFSET(重大性判定原則!$A$3,,MATCH($P$55,重大性判定原則!$B$2:$F$2,0),12,1),0),1)*重大性判定原則!$E$6),0) -> 3.3 | S70: =IF(R70>重大性判定原則!$C$9,"S","NS") -> NS | Y70: =ROUND(T70*W70,4) -> 0 | Z70: =SUM(Y70:Y76) -> 0 | AO70: =IFERROR(INDEX(重大性判定原則!$A$3:$A$5,MATCH(Q70,OFFSET(重大性判定原則!$A$3,,MATCH($Q$55,重大性判定原則!$B$2:$F$2,0),12,1),0),1),"")
H71: =IF(L71="是",3,"") | J71: 高鐵 | K71: v | L71: =IF(AND(K71="v",S71="S"),"是",IF(K71="x","不適用","否")) -> 否 | M71: 須由外部組織取得 | N71: 自行推估 | O71: 6個月以內 | P71: 否 | R71: =IFERROR((INDEX(重大性判定原則!$A$3:$A$5,MATCH(盤查表單!M71,OFFSET(重大性判定原則!$A$3,,MATCH(盤查表單!$M$55,重大性判定原則!$B$2:$F$2,0),12,1),0),1)*重大性判定原則!$B$6+INDEX(重大性判定原則!$A$3:$A$5,MATCH(N71,OFFSET(重大性判定原則!$A$3,,MATCH($N$55,重大性判定原則!$B$2:$F$2,0),12,1),0),1)*重大性判定原則!$C$6+INDEX(重大性判定原則!$A$3:$A$5,MATCH(O71,OFFSET(重大性判定原則!$A$3,,MATCH($O$55,重大性判定原則!$B$2:$F$2,0),12,1),0),1)*重大性判定原則!$D$6)+(INDEX(重大性判定原則!$A$3:$A$5,MATCH(P71,OFFSET(重大性判定原則!$A$3,,MATCH($P$55,重大性判定原則!$B$2:$F$2,0),12,1),0),1)*重大性判定原則!$E$6),0) -> 3.3 | S71: =IF(R71>重大性判定原則!$C$9,"S","NS") -> NS | Y71: =ROUND(T71*W71,4) -> 0 | AO71: =IFERROR(INDEX(重大性判定原則!$A$3:$A$5,MATCH(Q71,OFFSET(重大性判定原則!$A$3,,MATCH($Q$55,重大性判定原則!$B$2:$F$2,0),12,1),0),1),"")
H72: =IF(L72="是",3,"") | J72: 台鐵 | K72: v | L72: =IF(AND(K72="v",S72="S"),"是",IF(K72="x","不適用","否")) -> 否 | M72: 須由外部組織取得 | N72: 自行推估 | O72: 6個月以內 | P72: 否 | R72: =IFERROR((INDEX(重大性判定原則!$A$3:$A$5,MATCH(盤查表單!M72,OFFSET(重大性判定原則!$A$3,,MATCH(盤查表單!$M$55,重大性判定原則!$B$2:$F$2,0),12,1),0),1)*重大性判定原則!$B$6+INDEX(重大性判定原則!$A$3:$A$5,MATCH(N72,OFFSET(重大性判定原則!$A$3,,MATCH($N$55,重大性判定原則!$B$2:$F$2,0),12,1),0),1)*重大性判定原則!$C$6+INDEX(重大性判定原則!$A$3:$A$5,MATCH(O72,OFFSET(重大性判定原則!$A$3,,MATCH($O$55,重大性判定原則!$B$2:$F$2,0),12,1),0),1)*重大性判定原則!$D$6)+(INDEX(重大性判定原則!$A$3:$A$5,MATCH(P72,OFFSET(重大性判定原則!$A$3,,MATCH($P$55,重大性判定原則!$B$2:$F$2,0),12,1),0),1)*重大性判定原則!$E$6),0) -> 3.3 | S72: =IF(R72>重大性判定原則!$C$9,"S","NS") -> NS | Y72: =ROUND(T72*W72,4) -> 0 | AO72: =IFERROR(INDEX(重大性判定原則!$A$3:$A$5,MATCH(Q72,OFFSET(重大性判定原則!$A$3,,MATCH($Q$55,重大性判定原則!$B$2:$F$2,0),12,1),0),1),"")
H73: =IF(L73="是",3,"") | J73: 客運 | K73: v | L73: =IF(AND(K73="v",S73="S"),"是",IF(K73="x","不適用","否")) -> 否 | M73: 須由外部組織取得 | N73: 自行推估 | O73: 6個月以內 | P73: 否 | R73: =IFERROR((INDEX(重大性判定原則!$A$3:$A$5,MATCH(盤查表單!M73,OFFSET(重大性判定原則!$A$3,,MATCH(盤查表單!$M$55,重大性判定原則!$B$2:$F$2,0),12,1),0),1)*重大性判定原則!$B$6+INDEX(重大性判定原則!$A$3:$A$5,MATCH(N73,OFFSET(重大性判定原則!$A$3,,MATCH($N$55,重大性判定原則!$B$2:$F$2,0),12,1),0),1)*重大性判定原則!$C$6+INDEX(重大性判定原則!$A$3:$A$5,MATCH(O73,OFFSET(重大性判定原則!$A$3,,MATCH($O$55,重大性判定原則!$B$2:$F$2,0),12,1),0),1)*重大性判定原則!$D$6)+(INDEX(重大性判定原則!$A$3:$A$5,MATCH(P73,OFFSET(重大性判定原則!$A$3,,MATCH($P$55,重大性判定原則!$B$2:$F$2,0),12,1),0),1)*重大性判定原則!$E$6),0) -> 3.3 | S73: =IF(R73>重大性判定原則!$C$9,"S","NS") -> NS | Y73: =ROUND(T73*W73,4) -> 0 | AO73: =IFERROR(INDEX(重大性判定原則!$A$3:$A$5,MATCH(Q73,OFFSET(重大性判定原則!$A$3,,MATCH($Q$55,重大性判定原則!$B$2:$F$2,0),12,1),0),1),"")
H74: =IF(L74="是",3,"") | J74: 公車 | K74: v | L74: =IF(AND(K74="v",S74="S"),"是",IF(K74="x","不適用","否")) -> 否 | M74: 須由外部組織取得 | N74: 自行推估 | O74: 6個月以內 | P74: 否 | R74: =IFERROR((INDEX(重大性判定原則!$A$3:$A$5,MATCH(盤查表單!M74,OFFSET(重大性判定原則!$A$3,,MATCH(盤查表單!$M$55,重大性判定原則!$B$2:$F$2,0),12,1),0),1)*重大性判定原則!$B$6+INDEX(重大性判定原則!$A$3:$A$5,MATCH(N74,OFFSET(重大性判定原則!$A$3,,MATCH($N$55,重大性判定原則!$B$2:$F$2,0),12,1),0),1)*重大性判定原則!$C$6+INDEX(重大性判定原則!$A$3:$A$5,MATCH(O74,OFFSET(重大性判定原則!$A$3,,MATCH($O$55,重大性判定原則!$B$2:$F$2,0),12,1),0),1)*重大性判定原則!$D$6)+(INDEX(重大性判定原則!$A$3:$A$5,MATCH(P74,OFFSET(重大性判定原則!$A$3,,MATCH($P$55,重大性判定原則!$B$2:$F$2,0),12,1),0),1)*重大性判定原則!$E$6),0) -> 3.3 | S74: =IF(R74>重大性判定原則!$C$9,"S","NS") -> NS | Y74: =ROUND(T74*W74,4) -> 0 | AO74: =IFERROR(INDEX(重大性判定原則!$A$3:$A$5,MATCH(Q74,OFFSET(重大性判定原則!$A$3,,MATCH($Q$55,重大性判定原則!$B$2:$F$2,0),12,1),0),1),"")
H75: =IF(L75="是",3,"") | J75: 汽車 | K75: v | L75: =IF(AND(K75="v",S75="S"),"是",IF(K75="x","不適用","否")) -> 否 | M75: 須由外部組織取得 | N75: 自行推估 | O75: 6個月以內 | P75: 否 | R75: =IFERROR((INDEX(重大性判定原則!$A$3:$A$5,MATCH(盤查表單!M75,OFFSET(重大性判定原則!$A$3,,MATCH(盤查表單!$M$55,重大性判定原則!$B$2:$F$2,0),12,1),0),1)*重大性判定原則!$B$6+INDEX(重大性判定原則!$A$3:$A$5,MATCH(N75,OFFSET(重大性判定原則!$A$3,,MATCH($N$55,重大性判定原則!$B$2:$F$2,0),12,1),0),1)*重大性判定原則!$C$6+INDEX(重大性判定原則!$A$3:$A$5,MATCH(O75,OFFSET(重大性判定原則!$A$3,,MATCH($O$55,重大性判定原則!$B$2:$F$2,0),12,1),0),1)*重大性判定原則!$D$6)+(INDEX(重大性判定原則!$A$3:$A$5,MATCH(P75,OFFSET(重大性判定原則!$A$3,,MATCH($P$55,重大性判定原則!$B$2:$F$2,0),12,1),0),1)*重大性判定原則!$E$6),0) -> 3.3 | S75: =IF(R75>重大性判定原則!$C$9,"S","NS") -> NS | Y75: =ROUND(T75*W75,4) -> 0 | AO75: =IFERROR(INDEX(重大性判定原則!$A$3:$A$5,MATCH(Q75,OFFSET(重大性判定原則!$A$3,,MATCH($Q$55,重大性判定原則!$B$2:$F$2,0),12,1),0),1),"")
H76: =IF(L76="是",3,"") | J76: 機車 | K76: v | L76: =IF(AND(K76="v",S76="S"),"是",IF(K76="x","不適用","否")) -> 否 | M76: 須由外部組織取得 | N76: 自行推估 | O76: 6個月以內 | P76: 否 | R76: =IFERROR((INDEX(重大性判定原則!$A$3:$A$5,MATCH(盤查表單!M76,OFFSET(重大性判定原則!$A$3,,MATCH(盤查表單!$M$55,重大性判定原則!$B$2:$F$2,0),12,1),0),1)*重大性判定原則!$B$6+INDEX(重大性判定原則!$A$3:$A$5,MATCH(N76,OFFSET(重大性判定原則!$A$3,,MATCH($N$55,重大性判定原則!$B$2:$F$2,0),12,1),0),1)*重大性判定原則!$C$6+INDEX(重大性判定原則!$A$3:$A$5,MATCH(O76,OFFSET(重大性判定原則!$A$3,,MATCH($O$55,重大性判定原則!$B$2:$F$2,0),12,1),0),1)*重大性判定原則!$D$6)+(INDEX(重大性判定原則!$A$3:$A$5,MATCH(P76,OFFSET(重大性判定原則!$A$3,,MATCH($P$55,重大性判定原則!$B$2:$F$2,0),12,1),0),1)*重大性判定原則!$E$6),0) -> 3.3 | S76: =IF(R76>重大性判定原則!$C$9,"S","NS") -> NS | Y76: =ROUND(T76*W76,4) -> 0 | AO76: =IFERROR(INDEX(重大性判定原則!$A$3:$A$5,MATCH(Q76,OFFSET(重大性判定原則!$A$3,,MATCH($Q$55,重大性判定原則!$B$2:$F$2,0),12,1),0),1),"")
B77: 3.4 | C77: 客戶和訪客運輸產生的排放 | H77: =IF(L77="是",3,"") | I77: =IF(COUNTIF(K77,"v")>0,"有","無") -> 有 | J77: 客戶服務訪客交通 | K77: v | L77: =IF(AND(K77="v",S77="S"),"是",IF(K77="x","不適用","否")) -> 否 | M77: 無相關紀綠資料/無法評估 | N77: 自行推估 | O77: 6個月至1年 | P77: 否 | R77: =IFERROR((INDEX(重大性判定原則!$A$3:$A$5,MATCH(盤查表單!M77,OFFSET(重大性判定原則!$A$3,,MATCH(盤查表單!$M$55,重大性判定原則!$B$2:$F$2,0),12,1),0),1)*重大性判定原則!$B$6+INDEX(重大性判定原則!$A$3:$A$5,MATCH(N77,OFFSET(重大性判定原則!$A$3,,MATCH($N$55,重大性判定原則!$B$2:$F$2,0),12,1),0),1)*重大性判定原則!$C$6+INDEX(重大性判定原則!$A$3:$A$5,MATCH(O77,OFFSET(重大性判定原則!$A$3,,MATCH($O$55,重大性判定原則!$B$2:$F$2,0),12,1),0),1)*重大性判定原則!$D$6)+(INDEX(重大性判定原則!$A$3:$A$5,MATCH(P77,OFFSET(重大性判定原則!$A$3,,MATCH($P$55,重大性判定原則!$B$2:$F$2,0),12,1),0),1)*重大性判定原則!$E$6),0) -> 2.5 | S77: =IF(R77>重大性判定原則!$C$9,"S","NS") -> NS | Y77: =ROUND(T77*W77,4) -> 0 | Z77: =Y77 -> 0 | AO77: =IFERROR(INDEX(重大性判定原則!$A$3:$A$5,MATCH(Q77,OFFSET(重大性判定原則!$A$3,,MATCH($Q$55,重大性判定原則!$B$2:$F$2,0),12,1),0),1),"")
B78: 3.5 | C78: 商務旅行產生的排放 | H78: =IF(L78="是",3,"") | I78: =IF(COUNTIF(K78:K83,"v")>0,"有","無") -> 有 | J78: 國際航空差旅運輸 | K78: v | L78: =IF(AND(K78="v",S78="S"),"是",IF(K78="x","不適用","否")) -> 否 | M78: 可於組織內直接取得 | N78: 間歇量測 | O78: 1年以上 | P78: 否 | R78: =IFERROR((INDEX(重大性判定原則!$A$3:$A$5,MATCH(盤查表單!M78,OFFSET(重大性判定原則!$A$3,,MATCH(盤查表單!$M$55,重大性判定原則!$B$2:$F$2,0),12,1),0),1)*重大性判定原則!$B$6+INDEX(重大性判定原則!$A$3:$A$5,MATCH(N78,OFFSET(重大性判定原則!$A$3,,MATCH($N$55,重大性判定原則!$B$2:$F$2,0),12,1),0),1)*重大性判定原則!$C$6+INDEX(重大性判定原則!$A$3:$A$5,MATCH(O78,OFFSET(重大性判定原則!$A$3,,MATCH($O$55,重大性判定原則!$B$2:$F$2,0),12,1),0),1)*重大性判定原則!$D$6)+(INDEX(重大性判定原則!$A$3:$A$5,MATCH(P78,OFFSET(重大性判定原則!$A$3,,MATCH($P$55,重大性判定原則!$B$2:$F$2,0),12,1),0),1)*重大性判定原則!$E$6),0) -> 2.8 | S78: =IF(R78>重大性判定原則!$C$9,"S","NS") -> NS | Y78: =ROUND(T78*W78,4) -> 0 | Z78: =SUM(Y78:Y83) -> 0 | AO78: =IFERROR(INDEX(重大性判定原則!$A$3:$A$5,MATCH(Q78,OFFSET(重大性判定原則!$A$3,,MATCH($Q$55,重大性判定原則!$B$2:$F$2,0),12,1),0),1),"")
H79: =IF(L79="是",3,"") | J79: 高鐵差旅運輸 | K79: v | L79: =IF(AND(K79="v",S79="S"),"是",IF(K79="x","不適用","否")) -> 否 | M79: 須由外部組織取得 | N79: 自行推估 | O79: 6個月以內 | P79: 否 | R79: =IFERROR((INDEX(重大性判定原則!$A$3:$A$5,MATCH(盤查表單!M79,OFFSET(重大性判定原則!$A$3,,MATCH(盤查表單!$M$55,重大性判定原則!$B$2:$F$2,0),12,1),0),1)*重大性判定原則!$B$6+INDEX(重大性判定原則!$A$3:$A$5,MATCH(N79,OFFSET(重大性判定原則!$A$3,,MATCH($N$55,重大性判定原則!$B$2:$F$2,0),12,1),0),1)*重大性判定原則!$C$6+INDEX(重大性判定原則!$A$3:$A$5,MATCH(O79,OFFSET(重大性判定原則!$A$3,,MATCH($O$55,重大性判定原則!$B$2:$F$2,0),12,1),0),1)*重大性判定原則!$D$6)+(INDEX(重大性判定原則!$A$3:$A$5,MATCH(P79,OFFSET(重大性判定原則!$A$3,,MATCH($P$55,重大性判定原則!$B$2:$F$2,0),12,1),0),1)*重大性判定原則!$E$6),0) -> 3.3 | S79: =IF(R79>重大性判定原則!$C$9,"S","NS") -> NS | Y79: =ROUND(T79*W79,4) -> 0 | AO79: =IFERROR(INDEX(重大性判定原則!$A$3:$A$5,MATCH(Q79,OFFSET(重大性判定原則!$A$3,,MATCH($Q$55,重大性判定原則!$B$2:$F$2,0),12,1),0),1),"")
H80: =IF(L80="是",3,"") | J80: 客運差旅運輸 | K80: v | L80: =IF(AND(K80="v",S80="S"),"是",IF(K80="x","不適用","否")) -> 否 | M80: 須由外部組織取得 | N80: 自行推估 | O80: 6個月以內 | P80: 否 | R80: =IFERROR((INDEX(重大性判定原則!$A$3:$A$5,MATCH(盤查表單!M80,OFFSET(重大性判定原則!$A$3,,MATCH(盤查表單!$M$55,重大性判定原則!$B$2:$F$2,0),12,1),0),1)*重大性判定原則!$B$6+INDEX(重大性判定原則!$A$3:$A$5,MATCH(N80,OFFSET(重大性判定原則!$A$3,,MATCH($N$55,重大性判定原則!$B$2:$F$2,0),12,1),0),1)*重大性判定原則!$C$6+INDEX(重大性判定原則!$A$3:$A$5,MATCH(O80,OFFSET(重大性判定原則!$A$3,,MATCH($O$55,重大性判定原則!$B$2:$F$2,0),12,1),0),1)*重大性判定原則!$D$6)+(INDEX(重大性判定原則!$A$3:$A$5,MATCH(P80,OFFSET(重大性判定原則!$A$3,,MATCH($P$55,重大性判定原則!$B$2:$F$2,0),12,1),0),1)*重大性判定原則!$E$6),0) -> 3.3 | S80: =IF(R80>重大性判定原則!$C$9,"S","NS") -> NS | Y80: =ROUND(T80*W80,4) -> 0 | AO80: =IFERROR(INDEX(重大性判定原則!$A$3:$A$5,MATCH(Q80,OFFSET(重大性判定原則!$A$3,,MATCH($Q$55,重大性判定原則!$B$2:$F$2,0),12,1),0),1),"")
H81: =IF(L81="是",3,"") | J81: 台鐵差旅運輸 | K81: v | L81: =IF(AND(K81="v",S81="S"),"是",IF(K81="x","不適用","否")) -> 否 | M81: 須由外部組織取得 | N81: 自行推估 | O81: 6個月以內 | P81: 否 | R81: =IFERROR((INDEX(重大性判定原則!$A$3:$A$5,MATCH(盤查表單!M81,OFFSET(重大性判定原則!$A$3,,MATCH(盤查表單!$M$55,重大性判定原則!$B$2:$F$2,0),12,1),0),1)*重大性判定原則!$B$6+INDEX(重大性判定原則!$A$3:$A$5,MATCH(N81,OFFSET(重大性判定原則!$A$3,,MATCH($N$55,重大性判定原則!$B$2:$F$2,0),12,1),0),1)*重大性判定原則!$C$6+INDEX(重大性判定原則!$A$3:$A$5,MATCH(O81,OFFSET(重大性判定原則!$A$3,,MATCH($O$55,重大性判定原則!$B$2:$F$2,0),12,1),0),1)*重大性判定原則!$D$6)+(INDEX(重大性判定原則!$A$3:$A$5,MATCH(P81,OFFSET(重大性判定原則!$A$3,,MATCH($P$55,重大性判定原則!$B$2:$F$2,0),12,1),0),1)*重大性判定原則!$E$6),0) -> 3.3 | S81: =IF(R81>重大性判定原則!$C$9,"S","NS") -> NS | Y81: =ROUND(T81*W81,4) -> 0 | AO81: =IFERROR(INDEX(重大性判定原則!$A$3:$A$5,MATCH(Q81,OFFSET(重大性判定原則!$A$3,,MATCH($Q$55,重大性判定原則!$B$2:$F$2,0),12,1),0),1),"")
H82: =IF(L82="是",3,"") | J82: 汽車差旅運輸 | K82: v | L82: =IF(AND(K82="v",S82="S"),"是",IF(K82="x","不適用","否")) -> 否 | M82: 須由外部組織取得 | N82: 自行推估 | O82: 6個月以內 | P82: 否 | R82: =IFERROR((INDEX(重大性判定原則!$A$3:$A$5,MATCH(盤查表單!M82,OFFSET(重大性判定原則!$A$3,,MATCH(盤查表單!$M$55,重大性判定原則!$B$2:$F$2,0),12,1),0),1)*重大性判定原則!$B$6+INDEX(重大性判定原則!$A$3:$A$5,MATCH(N82,OFFSET(重大性判定原則!$A$3,,MATCH($N$55,重大性判定原則!$B$2:$F$2,0),12,1),0),1)*重大性判定原則!$C$6+INDEX(重大性判定原則!$A$3:$A$5,MATCH(O82,OFFSET(重大性判定原則!$A$3,,MATCH($O$55,重大性判定原則!$B$2:$F$2,0),12,1),0),1)*重大性判定原則!$D$6)+(INDEX(重大性判定原則!$A$3:$A$5,MATCH(P82,OFFSET(重大性判定原則!$A$3,,MATCH($P$55,重大性判定原則!$B$2:$F$2,0),12,1),0),1)*重大性判定原則!$E$6),0) -> 3.3 | S82: =IF(R82>重大性判定原則!$C$9,"S","NS") -> NS | Y82: =ROUND(T82*W82,4) -> 0 | AO82: =IFERROR(INDEX(重大性判定原則!$A$3:$A$5,MATCH(Q82,OFFSET(重大性判定原則!$A$3,,MATCH($Q$55,重大性判定原則!$B$2:$F$2,0),12,1),0),1),"")
H83: =IF(L83="是",3,"") | J83: 住宿服務 | K83: v | L83: =IF(AND(K83="v",S83="S"),"是",IF(K83="x","不適用","否")) -> 否 | M83: 須由外部組織取得 | N83: 自行推估 | O83: 6個月以內 | P83: 否 | R83: =IFERROR((INDEX(重大性判定原則!$A$3:$A$5,MATCH(盤查表單!M83,OFFSET(重大性判定原則!$A$3,,MATCH(盤查表單!$M$55,重大性判定原則!$B$2:$F$2,0),12,1),0),1)*重大性判定原則!$B$6+INDEX(重大性判定原則!$A$3:$A$5,MATCH(N83,OFFSET(重大性判定原則!$A$3,,MATCH($N$55,重大性判定原則!$B$2:$F$2,0),12,1),0),1)*重大性判定原則!$C$6+INDEX(重大性判定原則!$A$3:$A$5,MATCH(O83,OFFSET(重大性判定原則!$A$3,,MATCH($O$55,重大性判定原則!$B$2:$F$2,0),12,1),0),1)*重大性判定原則!$D$6)+(INDEX(重大性判定原則!$A$3:$A$5,MATCH(P83,OFFSET(重大性判定原則!$A$3,,MATCH($P$55,重大性判定原則!$B$2:$F$2,0),12,1),0),1)*重大性判定原則!$E$6),0) -> 3.3 | S83: =IF(R83>重大性判定原則!$C$9,"S","NS") -> NS | Y83: =ROUND(T83*W83,4) -> 0
B84: 類別 4 : | C84: 組織使用的產品之間接溫室氣體排放
B85: 4.1 | C85: 源自採購商品的排放 | H85: =IF(L85="是",4,"") | I85: =IF(COUNTIF(K85:K94,"v")>0,"有","無") -> 有 | J85: 直接材料上游排放 | K85: v | L85: =IF(AND(K85="v",S85="S"),"是",IF(K85="x","不適用","否")) -> 否 | M85: 須由外部組織取得 | N85: 間歇量測 | O85: 6個月以內 | P85: 否 | R85: =IFERROR((INDEX(重大性判定原則!$A$3:$A$5,MATCH(盤查表單!M85,OFFSET(重大性判定原則!$A$3,,MATCH(盤查表單!$M$55,重大性判定原則!$B$2:$F$2,0),12,1),0),1)*重大性判定原則!$B$6+INDEX(重大性判定原則!$A$3:$A$5,MATCH(N85,OFFSET(重大性判定原則!$A$3,,MATCH($N$55,重大性判定原則!$B$2:$F$2,0),12,1),0),1)*重大性判定原則!$C$6+INDEX(重大性判定原則!$A$3:$A$5,MATCH(O85,OFFSET(重大性判定原則!$A$3,,MATCH($O$55,重大性判定原則!$B$2:$F$2,0),12,1),0),1)*重大性判定原則!$D$6)+(INDEX(重大性判定原則!$A$3:$A$5,MATCH(P85,OFFSET(重大性判定原則!$A$3,,MATCH($P$55,重大性判定原則!$B$2:$F$2,0),12,1),0),1)*重大性判定原則!$E$6),0) -> 3.5 | S85: =IF(R85>重大性判定原則!$C$9,"S","NS") -> NS | Y85: =ROUND(T85*W85,4) -> 0 | Z85: =SUM(Y85:Y94) -> 66.4127
H86: =IF(L86="是",4,"") | J86: 輔助材料上游排放 | K86: v | L86: =IF(AND(K86="v",S86="S"),"是",IF(K86="x","不適用","否")) -> 否 | M86: 須由外部組織取得 | N86: 間歇量測 | O86: 6個月以內 | P86: 否 | R86: =IFERROR((INDEX(重大性判定原則!$A$3:$A$5,MATCH(盤查表單!M86,OFFSET(重大性判定原則!$A$3,,MATCH(盤查表單!$M$55,重大性判定原則!$B$2:$F$2,0),12,1),0),1)*重大性判定原則!$B$6+INDEX(重大性判定原則!$A$3:$A$5,MATCH(N86,OFFSET(重大性判定原則!$A$3,,MATCH($N$55,重大性判定原則!$B$2:$F$2,0),12,1),0),1)*重大性判定原則!$C$6+INDEX(重大性判定原則!$A$3:$A$5,MATCH(O86,OFFSET(重大性判定原則!$A$3,,MATCH($O$55,重大性判定原則!$B$2:$F$2,0),12,1),0),1)*重大性判定原則!$D$6)+(INDEX(重大性判定原則!$A$3:$A$5,MATCH(P86,OFFSET(重大性判定原則!$A$3,,MATCH($P$55,重大性判定原則!$B$2:$F$2,0),12,1),0),1)*重大性判定原則!$E$6),0) -> 3.5 | S86: =IF(R86>重大性判定原則!$C$9,"S","NS") -> NS | Y86: =ROUND(T86*W86,4) -> 0
H87: =IF(L87="是",4,"") | J87: 包材上游排放 | K87: v | L87: =IF(AND(K87="v",S87="S"),"是",IF(K87="x","不適用","否")) -> 否 | M87: 須由外部組織取得 | N87: 間歇量測 | O87: 6個月以內 | P87: 否 | R87: =IFERROR((INDEX(重大性判定原則!$A$3:$A$5,MATCH(盤查表單!M87,OFFSET(重大性判定原則!$A$3,,MATCH(盤查表單!$M$55,重大性判定原則!$B$2:$F$2,0),12,1),0),1)*重大性判定原則!$B$6+INDEX(重大性判定原則!$A$3:$A$5,MATCH(N87,OFFSET(重大性判定原則!$A$3,,MATCH($N$55,重大性判定原則!$B$2:$F$2,0),12,1),0),1)*重大性判定原則!$C$6+INDEX(重大性判定原則!$A$3:$A$5,MATCH(O87,OFFSET(重大性判定原則!$A$3,,MATCH($O$55,重大性判定原則!$B$2:$F$2,0),12,1),0),1)*重大性判定原則!$D$6)+(INDEX(重大性判定原則!$A$3:$A$5,MATCH(P87,OFFSET(重大性判定原則!$A$3,,MATCH($P$55,重大性判定原則!$B$2:$F$2,0),12,1),0),1)*重大性判定原則!$E$6),0) -> 3.5 | S87: =IF(R87>重大性判定原則!$C$9,"S","NS") -> NS | Y87: =ROUND(T87*W87,4) -> 0
H88: =IF(L88="是",4,"") -> 4 | J88: 外購電力上游排放(含運輸) | K88: v | L88: =IF(AND(K88="v",S88="S"),"是",IF(K88="x","不適用","否")) -> 是 | M88: 須由外部組織取得 | N88: 間歇量測 | O88: 6個月以內 | P88: 是 | R88: =IFERROR((INDEX(重大性判定原則!$A$3:$A$5,MATCH(盤查表單!M88,OFFSET(重大性判定原則!$A$3,,MATCH(盤查表單!$M$55,重大性判定原則!$B$2:$F$2,0),12,1),0),1)*重大性判定原則!$B$6+INDEX(重大性判定原則!$A$3:$A$5,MATCH(N88,OFFSET(重大性判定原則!$A$3,,MATCH($N$55,重大性判定原則!$B$2:$F$2,0),12,1),0),1)*重大性判定原則!$C$6+INDEX(重大性判定原則!$A$3:$A$5,MATCH(O88,OFFSET(重大性判定原則!$A$3,,MATCH($O$55,重大性判定原則!$B$2:$F$2,0),12,1),0),1)*重大性判定原則!$D$6)+(INDEX(重大性判定原則!$A$3:$A$5,MATCH(P88,OFFSET(重大性判定原則!$A$3,,MATCH($P$55,重大性判定原則!$B$2:$F$2,0),12,1),0),1)*重大性判定原則!$E$6),0) -> 5.5 | S88: =IF(R88>重大性判定原則!$C$9,"S","NS") -> S | Y88: =ROUND(IF(L88="是",SUMIF('3.燃料與能源相關活動'!$C$4:$C$23,"外購電力",'3.燃料與能源相關活動'!$I$4:$I$23),0),4) -> 56.191
H89: =IF(L89="是",4,"") -> 4 | J89: 固定源天然氣上游排放(包含運輸) | K89: v | L89: =IF(AND(K89="v",S89="S"),"是",IF(K89="x","不適用","否")) -> 是 | M89: 可於組織內直接取得 | N89: 間歇量測 | O89: 6個月以內 | P89: 是 | R89: =IFERROR((INDEX(重大性判定原則!$A$3:$A$5,MATCH(盤查表單!M89,OFFSET(重大性判定原則!$A$3,,MATCH(盤查表單!$M$55,重大性判定原則!$B$2:$F$2,0),12,1),0),1)*重大性判定原則!$B$6+INDEX(重大性判定原則!$A$3:$A$5,MATCH(N89,OFFSET(重大性判定原則!$A$3,,MATCH($N$55,重大性判定原則!$B$2:$F$2,0),12,1),0),1)*重大性判定原則!$C$6+INDEX(重大性判定原則!$A$3:$A$5,MATCH(O89,OFFSET(重大性判定原則!$A$3,,MATCH($O$55,重大性判定原則!$B$2:$F$2,0),12,1),0),1)*重大性判定原則!$D$6)+(INDEX(重大性判定原則!$A$3:$A$5,MATCH(P89,OFFSET(重大性判定原則!$A$3,,MATCH($P$55,重大性判定原則!$B$2:$F$2,0),12,1),0),1)*重大性判定原則!$E$6),0) -> 5.8 | S89: =IF(R89>重大性判定原則!$C$9,"S","NS") -> S | Y89: =ROUND(IF(L89="是",SUMIF('3.燃料與能源相關活動'!$C$4:$C$23,"天然氣",'3.燃料與能源相關活動'!$I$4:$I$23),0),4) -> 6.7039
H90: =IF(L90="是",4,"") -> 4 | J90: 固定源源液化石油氣上游排放(包含運輸) | K90: v | L90: =IF(AND(K90="v",S90="S"),"是",IF(K90="x","不適用","否")) -> 是 | M90: 須由外部組織取得 | N90: 間歇量測 | O90: 6個月以內 | P90: 是 | R90: =IFERROR((INDEX(重大性判定原則!$A$3:$A$5,MATCH(盤查表單!M90,OFFSET(重大性判定原則!$A$3,,MATCH(盤查表單!$M$55,重大性判定原則!$B$2:$F$2,0),12,1),0),1)*重大性判定原則!$B$6+INDEX(重大性判定原則!$A$3:$A$5,MATCH(N90,OFFSET(重大性判定原則!$A$3,,MATCH($N$55,重大性判定原則!$B$2:$F$2,0),12,1),0),1)*重大性判定原則!$C$6+INDEX(重大性判定原則!$A$3:$A$5,MATCH(O90,OFFSET(重大性判定原則!$A$3,,MATCH($O$55,重大性判定原則!$B$2:$F$2,0),12,1),0),1)*重大性判定原則!$D$6)+(INDEX(重大性判定原則!$A$3:$A$5,MATCH(P90,OFFSET(重大性判定原則!$A$3,,MATCH($P$55,重大性判定原則!$B$2:$F$2,0),12,1),0),1)*重大性判定原則!$E$6),0) -> 5.5 | S90: =IF(R90>重大性判定原則!$C$9,"S","NS") -> S | Y90: =ROUND(IF(L90="是",SUMIF('3.燃料與能源相關活動'!$C$4:$C$23,"液化石油氣(體積)",'3.燃料與能源相關活動'!$I$4:$I$23),0)+IF(L90="是",SUMIF('3.燃料與能源相關活動'!$C$4:$C$23,"液化石油氣(重量)",'3.燃料與能源相關活動'!$I$4:$I$23),0),4) -> 0
H91: =IF(L91="是",4,"") -> 4 | J91: 固定源柴油上游排放(包含運輸) | K91: v | L91: =IF(AND(K91="v",S91="S"),"是",IF(K91="x","不適用","否")) -> 是 | M91: 須由外部組織取得 | N91: 間歇量測 | O91: 6個月以內 | P91: 是 | R91: =IFERROR((INDEX(重大性判定原則!$A$3:$A$5,MATCH(盤查表單!M91,OFFSET(重大性判定原則!$A$3,,MATCH(盤查表單!$M$55,重大性判定原則!$B$2:$F$2,0),12,1),0),1)*重大性判定原則!$B$6+INDEX(重大性判定原則!$A$3:$A$5,MATCH(N91,OFFSET(重大性判定原則!$A$3,,MATCH($N$55,重大性判定原則!$B$2:$F$2,0),12,1),0),1)*重大性判定原則!$C$6+INDEX(重大性判定原則!$A$3:$A$5,MATCH(O91,OFFSET(重大性判定原則!$A$3,,MATCH($O$55,重大性判定原則!$B$2:$F$2,0),12,1),0),1)*重大性判定原則!$D$6)+(INDEX(重大性判定原則!$A$3:$A$5,MATCH(P91,OFFSET(重大性判定原則!$A$3,,MATCH($P$55,重大性判定原則!$B$2:$F$2,0),12,1),0),1)*重大性判定原則!$E$6),0) -> 5.5 | S91: =IF(R91>重大性判定原則!$C$9,"S","NS") -> S | Y91: =ROUND(IF(L91="是",SUMIF('3.燃料與能源相關活動'!$C$4:$C$23,"柴油",'3.燃料與能源相關活動'!$I$4:$I$23),0),4) -> 0
H92: =IF(L92="是",4,"") -> 4 | J92: 移動源柴油上游排放(包含運輸) | K92: v | L92: =IF(AND(K92="v",S92="S"),"是",IF(K92="x","不適用","否")) -> 是 | M92: 須由外部組織取得 | N92: 間歇量測 | O92: 6個月以內 | P92: 是 | R92: =IFERROR((INDEX(重大性判定原則!$A$3:$A$5,MATCH(盤查表單!M92,OFFSET(重大性判定原則!$A$3,,MATCH(盤查表單!$M$55,重大性判定原則!$B$2:$F$2,0),12,1),0),1)*重大性判定原則!$B$6+INDEX(重大性判定原則!$A$3:$A$5,MATCH(N92,OFFSET(重大性判定原則!$A$3,,MATCH($N$55,重大性判定原則!$B$2:$F$2,0),12,1),0),1)*重大性判定原則!$C$6+INDEX(重大性判定原則!$A$3:$A$5,MATCH(O92,OFFSET(重大性判定原則!$A$3,,MATCH($O$55,重大性判定原則!$B$2:$F$2,0),12,1),0),1)*重大性判定原則!$D$6)+(INDEX(重大性判定原則!$A$3:$A$5,MATCH(P92,OFFSET(重大性判定原則!$A$3,,MATCH($P$55,重大性判定原則!$B$2:$F$2,0),12,1),0),1)*重大性判定原則!$E$6),0) -> 5.5 | S92: =IF(R92>重大性判定原則!$C$9,"S","NS") -> S | Y92: =ROUND(IF(L92="是",SUMIF('3.燃料與能源相關活動'!$C$4:$C$23,"柴油(移動源)",'3.燃料與能源相關活動'!$I$4:$I$23),0),4) -> 0
H93: =IF(L93="是",4,"") | J93: 移動源汽油上游排放(包含運輸) | K93: v | L93: =IF(AND(K93="v",S93="S"),"是",IF(K93="x","不適用","否")) -> 否 | M93: 須由外部組織取得 | N93: 間歇量測 | O93: 6個月以內 | P93: 否 | R93: =IFERROR((INDEX(重大性判定原則!$A$3:$A$5,MATCH(盤查表單!M93,OFFSET(重大性判定原則!$A$3,,MATCH(盤查表單!$M$55,重大性判定原則!$B$2:$F$2,0),12,1),0),1)*重大性判定原則!$B$6+INDEX(重大性判定原則!$A$3:$A$5,MATCH(N93,OFFSET(重大性判定原則!$A$3,,MATCH($N$55,重大性判定原則!$B$2:$F$2,0),12,1),0),1)*重大性判定原則!$C$6+INDEX(重大性判定原則!$A$3:$A$5,MATCH(O93,OFFSET(重大性判定原則!$A$3,,MATCH($O$55,重大性判定原則!$B$2:$F$2,0),12,1),0),1)*重大性判定原則!$D$6)+(INDEX(重大性判定原則!$A$3:$A$5,MATCH(P93,OFFSET(重大性判定原則!$A$3,,MATCH($P$55,重大性判定原則!$B$2:$F$2,0),12,1),0),1)*重大性判定原則!$E$6),0) -> 3.5 | S93: =IF(R93>重大性判定原則!$C$9,"S","NS") -> NS | Y93: =ROUND(IF(L93="是",SUMIF('3.燃料與能源相關活動'!$C$4:$C$23,"車用汽油(移動源)",'3.燃料與能源相關活動'!$I$4:$I$23),0),4) -> 0
H94: =IF(L94="是",4,"") -> 4 | J94: 自來水上游排放 | K94: v | L94: =IF(AND(K94="v",S94="S"),"是",IF(K94="x","不適用","否")) -> 是 | M94: 須由外部組織取得 | N94: 間歇量測 | O94: 6個月以內 | P94: 是 | R94: =IFERROR((INDEX(重大性判定原則!$A$3:$A$5,MATCH(盤查表單!M94,OFFSET(重大性判定原則!$A$3,,MATCH(盤查表單!$M$55,重大性判定原則!$B$2:$F$2,0),12,1),0),1)*重大性判定原則!$B$6+INDEX(重大性判定原則!$A$3:$A$5,MATCH(N94,OFFSET(重大性判定原則!$A$3,,MATCH($N$55,重大性判定原則!$B$2:$F$2,0),12,1),0),1)*重大性判定原則!$C$6+INDEX(重大性判定原則!$A$3:$A$5,MATCH(O94,OFFSET(重大性判定原則!$A$3,,MATCH($O$55,重大性判定原則!$B$2:$F$2,0),12,1),0),1)*重大性判定原則!$D$6)+(INDEX(重大性判定原則!$A$3:$A$5,MATCH(P94,OFFSET(重大性判定原則!$A$3,,MATCH($P$55,重大性判定原則!$B$2:$F$2,0),12,1),0),1)*重大性判定原則!$E$6),0) -> 5.5 | S94: =IF(R94>重大性判定原則!$C$9,"S","NS") -> S | T94: ='4.用水量'!R48/1000 -> 15.098 | U94: 千立方公尺 | V94: 水費單 | W94: 0.233 | X94: 台灣碳足跡資訊網 | Y94: =ROUND(T94*W94,4) -> 3.5178
B95: 4.2 | C95: 資本商品的排放 | H95: =IF(L95="是",4,"") | I95: =IF(COUNTIF(K95:K102,"v")>0,"有","無") -> 有 | J95: 辦公家具 | K95: v | L95: =IF(AND(K95="v",S95="S"),"是",IF(K95="x","不適用","否")) -> 否 | M95: 須由外部組織取得 | N95: 自行推估 | O95: 6個月以內 | P95: 否 | R95: =IFERROR((INDEX(重大性判定原則!$A$3:$A$5,MATCH(盤查表單!M95,OFFSET(重大性判定原則!$A$3,,MATCH(盤查表單!$M$55,重大性判定原則!$B$2:$F$2,0),12,1),0),1)*重大性判定原則!$B$6+INDEX(重大性判定原則!$A$3:$A$5,MATCH(N95,OFFSET(重大性判定原則!$A$3,,MATCH($N$55,重大性判定原則!$B$2:$F$2,0),12,1),0),1)*重大性判定原則!$C$6+INDEX(重大性判定原則!$A$3:$A$5,MATCH(O95,OFFSET(重大性判定原則!$A$3,,MATCH($O$55,重大性判定原則!$B$2:$F$2,0),12,1),0),1)*重大性判定原則!$D$6)+(INDEX(重大性判定原則!$A$3:$A$5,MATCH(P95,OFFSET(重大性判定原則!$A$3,,MATCH($P$55,重大性判定原則!$B$2:$F$2,0),12,1),0),1)*重大性判定原則!$E$6),0) -> 3.3 | S95: =IF(R95>重大性判定原則!$C$9,"S","NS") -> NS | Y95: =ROUND(T95*W95,4) -> 0 | Z95: =SUM(Y95:Y102) -> 0
H96: =IF(L96="是",4,"") | J96: 生產設備 | K96: v | L96: =IF(AND(K96="v",S96="S"),"是",IF(K96="x","不適用","否")) -> 否 | M96: 須由外部組織取得 | N96: 自行推估 | O96: 6個月以內 | P96: 否 | R96: =IFERROR((INDEX(重大性判定原則!$A$3:$A$5,MATCH(盤查表單!M96,OFFSET(重大性判定原則!$A$3,,MATCH(盤查表單!$M$55,重大性判定原則!$B$2:$F$2,0),12,1),0),1)*重大性判定原則!$B$6+INDEX(重大性判定原則!$A$3:$A$5,MATCH(N96,OFFSET(重大性判定原則!$A$3,,MATCH($N$55,重大性判定原則!$B$2:$F$2,0),12,1),0),1)*重大性判定原則!$C$6+INDEX(重大性判定原則!$A$3:$A$5,MATCH(O96,OFFSET(重大性判定原則!$A$3,,MATCH($O$55,重大性判定原則!$B$2:$F$2,0),12,1),0),1)*重大性判定原則!$D$6)+(INDEX(重大性判定原則!$A$3:$A$5,MATCH(P96,OFFSET(重大性判定原則!$A$3,,MATCH($P$55,重大性判定原則!$B$2:$F$2,0),12,1),0),1)*重大性判定原則!$E$6),0) -> 3.3 | S96: =IF(R96>重大性判定原則!$C$9,"S","NS") -> NS | Y96: =ROUND(T96*W96,4) -> 0
H97: =IF(L97="是",4,"") | J97: 資訊電腦相關設備 | K97: v | L97: =IF(AND(K97="v",S97="S"),"是",IF(K97="x","不適用","否")) -> 否 | M97: 須由外部組織取得 | N97: 自行推估 | O97: 6個月以內 | P97: 否 | R97: =IFERROR((INDEX(重大性判定原則!$A$3:$A$5,MATCH(盤查表單!M97,OFFSET(重大性判定原則!$A$3,,MATCH(盤查表單!$M$55,重大性判定原則!$B$2:$F$2,0),12,1),0),1)*重大性判定原則!$B$6+INDEX(重大性判定原則!$A$3:$A$5,MATCH(N97,OFFSET(重大性判定原則!$A$3,,MATCH($N$55,重大性判定原則!$B$2:$F$2,0),12,1),0),1)*重大性判定原則!$C$6+INDEX(重大性判定原則!$A$3:$A$5,MATCH(O97,OFFSET(重大性判定原則!$A$3,,MATCH($O$55,重大性判定原則!$B$2:$F$2,0),12,1),0),1)*重大性判定原則!$D$6)+(INDEX(重大性判定原則!$A$3:$A$5,MATCH(P97,OFFSET(重大性判定原則!$A$3,,MATCH($P$55,重大性判定原則!$B$2:$F$2,0),12,1),0),1)*重大性判定原則!$E$6),0) -> 3.3 | S97: =IF(R97>重大性判定原則!$C$9,"S","NS") -> NS | Y97: =ROUND(T97*W97,4) -> 0
H98: =IF(L98="是",4,"") | J98: 事務機 | K98: v | L98: =IF(AND(K98="v",S98="S"),"是",IF(K98="x","不適用","否")) -> 否 | M98: 須由外部組織取得 | N98: 自行推估 | O98: 6個月以內 | P98: 否 | R98: =IFERROR((INDEX(重大性判定原則!$A$3:$A$5,MATCH(盤查表單!M98,OFFSET(重大性判定原則!$A$3,,MATCH(盤查表單!$M$55,重大性判定原則!$B$2:$F$2,0),12,1),0),1)*重大性判定原則!$B$6+INDEX(重大性判定原則!$A$3:$A$5,MATCH(N98,OFFSET(重大性判定原則!$A$3,,MATCH($N$55,重大性判定原則!$B$2:$F$2,0),12,1),0),1)*重大性判定原則!$C$6+INDEX(重大性判定原則!$A$3:$A$5,MATCH(O98,OFFSET(重大性判定原則!$A$3,,MATCH($O$55,重大性判定原則!$B$2:$F$2,0),12,1),0),1)*重大性判定原則!$D$6)+(INDEX(重大性判定原則!$A$3:$A$5,MATCH(P98,OFFSET(重大性判定原則!$A$3,,MATCH($P$55,重大性判定原則!$B$2:$F$2,0),12,1),0),1)*重大性判定原則!$E$6),0) -> 3.3 | S98: =IF(R98>重大性判定原則!$C$9,"S","NS") -> NS | Y98: =ROUND(T98*W98,4) -> 0
H99: =IF(L99="是",4,"") | J99: 空調冷藏設備 | K99: v | L99: =IF(AND(K99="v",S99="S"),"是",IF(K99="x","不適用","否")) -> 否 | M99: 須由外部組織取得 | N99: 自行推估 | O99: 6個月以內 | P99: 否 | R99: =IFERROR((INDEX(重大性判定原則!$A$3:$A$5,MATCH(盤查表單!M99,OFFSET(重大性判定原則!$A$3,,MATCH(盤查表單!$M$55,重大性判定原則!$B$2:$F$2,0),12,1),0),1)*重大性判定原則!$B$6+INDEX(重大性判定原則!$A$3:$A$5,MATCH(N99,OFFSET(重大性判定原則!$A$3,,MATCH($N$55,重大性判定原則!$B$2:$F$2,0),12,1),0),1)*重大性判定原則!$C$6+INDEX(重大性判定原則!$A$3:$A$5,MATCH(O99,OFFSET(重大性判定原則!$A$3,,MATCH($O$55,重大性判定原則!$B$2:$F$2,0),12,1),0),1)*重大性判定原則!$D$6)+(INDEX(重大性判定原則!$A$3:$A$5,MATCH(P99,OFFSET(重大性判定原則!$A$3,,MATCH($P$55,重大性判定原則!$B$2:$F$2,0),12,1),0),1)*重大性判定原則!$E$6),0) -> 3.3 | S99: =IF(R99>重大性判定原則!$C$9,"S","NS") -> NS | Y99: =ROUND(T99*W99,4) -> 0
H100: =IF(L100="是",4,"") | J100: 燈具 | K100: v | L100: =IF(AND(K100="v",S100="S"),"是",IF(K100="x","不適用","否")) -> 否 | M100: 須由外部組織取得 | N100: 自行推估 | O100: 6個月以內 | P100: 否 | R100: =IFERROR((INDEX(重大性判定原則!$A$3:$A$5,MATCH(盤查表單!M100,OFFSET(重大性判定原則!$A$3,,MATCH(盤查表單!$M$55,重大性判定原則!$B$2:$F$2,0),12,1),0),1)*重大性判定原則!$B$6+INDEX(重大性判定原則!$A$3:$A$5,MATCH(N100,OFFSET(重大性判定原則!$A$3,,MATCH($N$55,重大性判定原則!$B$2:$F$2,0),12,1),0),1)*重大性判定原則!$C$6+INDEX(重大性判定原則!$A$3:$A$5,MATCH(O100,OFFSET(重大性判定原則!$A$3,,MATCH($O$55,重大性判定原則!$B$2:$F$2,0),12,1),0),1)*重大性判定原則!$D$6)+(INDEX(重大性判定原則!$A$3:$A$5,MATCH(P100,OFFSET(重大性判定原則!$A$3,,MATCH($P$55,重大性判定原則!$B$2:$F$2,0),12,1),0),1)*重大性判定原則!$E$6),0) -> 3.3 | S100: =IF(R100>重大性判定原則!$C$9,"S","NS") -> NS | Y100: =ROUND(T100*W100,4) -> 0
H101: =IF(L101="是",4,"") | J101: 滅火器 | K101: v | L101: =IF(AND(K101="v",S101="S"),"是",IF(K101="x","不適用","否")) -> 否 | M101: 須由外部組織取得 | N101: 自行推估 | O101: 6個月以內 | P101: 否 | R101: =IFERROR((INDEX(重大性判定原則!$A$3:$A$5,MATCH(盤查表單!M101,OFFSET(重大性判定原則!$A$3,,MATCH(盤查表單!$M$55,重大性判定原則!$B$2:$F$2,0),12,1),0),1)*重大性判定原則!$B$6+INDEX(重大性判定原則!$A$3:$A$5,MATCH(N101,OFFSET(重大性判定原則!$A$3,,MATCH($N$55,重大性判定原則!$B$2:$F$2,0),12,1),0),1)*重大性判定原則!$C$6+INDEX(重大性判定原則!$A$3:$A$5,MATCH(O101,OFFSET(重大性判定原則!$A$3,,MATCH($O$55,重大性判定原則!$B$2:$F$2,0),12,1),0),1)*重大性判定原則!$D$6)+(INDEX(重大性判定原則!$A$3:$A$5,MATCH(P101,OFFSET(重大性判定原則!$A$3,,MATCH($P$55,重大性判定原則!$B$2:$F$2,0),12,1),0),1)*重大性判定原則!$E$6),0) -> 3.3 | S101: =IF(R101>重大性判定原則!$C$9,"S","NS") -> NS | Y101: =ROUND(T101*W101,4) -> 0
...

Sheet 輔助頁
A1: 輔助 | B1: 位置 | C1: 活動或設備 | D1: 原燃物料 | E1: 範疇別 | F1: 排放型式 | G1: 對應表單
