Workbook

Sheet CO2e_calculator_permit
A1: Note: This tool is for calculation purposes only to assist the preparation of your applications for grandparented eligibility or HFC permits. It is not indicative of the final amount of HFCs that you may be eligible to import.
A3: To convert from kilograms (kg) into metric tonnes
A4: Input your kg amount into column (A). Column (B) will show the same amount in metric tonnes.
B5: (A) Amount in kg | C5: (B) Amount in metric tonnes
C6: =B6/1000 -> 0
A8: To convert metric tonnes of HFCs into tonnes carbon dioxide equivalent (CO2e)
A9: 1. Select your type of HFC from the drop down list in column (C) and the 100-year global warming potential (GWP) will automatically populate in column (E).
A10: 2. Input your amount HFC in metric tonnes into column (D) and the tonnes CO2e is automatically calculated in column (F).
A11: 3. The total amount of HFC in tonnes CO2e is given at the end of the table.
B13: GWP values sourced from: | C13: Ozone Layer Protection Regulations 1996
C14: Climate Change (Stationary Energy and Industrial Processes) Regulations 2009
B15: (C) Type of HFC | C15: (D) Amount of HFC (metric tonnes) | D15: (E) 100-year global warming potential (GWP) | E15: (F) Amount of HFC (tonnes CO2e)
A16: Substance 1 | B16: R404A | D16: =IFERROR(VLOOKUP(B16,'HFCs list'!$A$2:$B$35,2,FALSE)," ") -> 3940 | E16: =IFERROR(C16*D16, " ") -> 0
A17: Substance 2 | D17: =IFERROR(VLOOKUP(B17,'HFCs list'!$A$2:$B$35,2,FALSE)," ") | E17: =IFERROR(C17*D17, " ")
A18: Substance 3 | D18: =IFERROR(VLOOKUP(B18,'HFCs list'!$A$2:$B$35,2,FALSE)," ") | E18: =IFERROR(C18*D18, " ")
A19: Substance 4 | D19: =IFERROR(VLOOKUP(B19,'HFCs list'!$A$2:$B$35,2,FALSE)," ") | E19: =IFERROR(C19*D19, " ")
A20: Substance 5 | D20: =IFERROR(VLOOKUP(B20,'HFCs list'!$A$2:$B$35,2,FALSE)," ") | E20: =IFERROR(C20*D20, " ")
A21: Substance 6 | D21: =IFERROR(VLOOKUP(B21,'HFCs list'!$A$2:$B$35,2,FALSE)," ") | E21: =IFERROR(C21*D21, " ")
A22: Substance 7 | D22: =IFERROR(VLOOKUP(B22,'HFCs list'!$A$2:$B$35,2,FALSE)," ") | E22: =IFERROR(C22*D22, " ")
A23: Substance 8 | D23: =IFERROR(VLOOKUP(B23,'HFCs list'!$A$2:$B$35,2,FALSE)," ") | E23: =IFERROR(C23*D23, " ")
A24: Substance 9 | D24: =IFERROR(VLOOKUP(B24,'HFCs list'!$A$2:$B$35,2,FALSE)," ") | E24: =IFERROR(C24*D24, " ")
A25: Substance 10 | D25: =IFERROR(VLOOKUP(B25,'HFCs list'!$A$2:$B$35,2,FALSE)," ") | E25: =IFERROR(C25*D25, " ")
A26: Substance 11 | D26: =IFERROR(VLOOKUP(B26,'HFCs list'!$A$2:$B$35,2,FALSE)," ") | E26: =IFERROR(C26*D26, " ")
A27: Substance 12 | D27: =IFERROR(VLOOKUP(B27,'HFCs list'!$A$2:$B$35,2,FALSE)," ") | E27: =IFERROR(C27*D27, " ")
A28: Substance 13 | D28: =IFERROR(VLOOKUP(B28,'HFCs list'!$A$2:$B$35,2,FALSE)," ") | E28: =IFERROR(C28*D28, " ")
... A33: Substance 18 | D33: =IFERROR(VLOOKUP(B33,'HFCs list'!$A$2:$B$35,2,FALSE)," ") | E33: =IFERROR(C33*D33, " ")
B34: TOTAL | C34: =SUM(C16:C33) -> 0 | E34: =SUM(E16:E33) -> 0

Sheet HFCs list
A1: Substance | B1: 100-year Global Warming Potential (GWP) | C1: Chemical formula or %'s for blends | E1: Source key: | F1: Ozone Layer Protection Regulations 1996 | G1: Climate Change (Stationary Energy and Industrial Processes) Regulations 2009, replaced January 2023
A2: HFC-125 | B2: 3500 | C2: CHF2CF3
A3: HFC-134 | B3: 1100 | C3: CHF2CHF2
A4: HFC-134a (R134a) | B4: 1430 | C4: CH2FCF3
A5: HFC-143 | B5: 353 | C5: CH2FCHF2
A6: HFC-143a | B6: 4470 | C6: CH3CF3
A7: HFC-152 | B7: 53 | C7: CH2FCH2F
A8: HFC-152a | B8: 124 | C8: CH3CHF2
A9: HFC-227ea | B9: 3220 | C9: CF3CHFCF3
A10: HFC-23 (R23) | B10: 14800 | C10: CHF3
A11: HFC-236cb | B11: 1340 | C11: CH2FCF2CF3
A12: HFC-236ea | B12: 1370 | C12: CHF2CHFCF3
A13: HFC-236fa | B13: 9810 | C13: CF3CH2CF3
... A35: R507A | B35: 3980 | C35: R125 = 50% R143a = 50%
